id,type
2080460,fotonegatiiv
2773190,fotonegatiiv
3195806,kavand/joonis/eskiis
3671158,digitaalne kujutis
4092912,plakat
3173802,kava
2325382,arheoloogiline leid
3658529,graafika
3996956,plakat
2077881,fotonegatiiv
3630557,kavand/joonis/eskiis
3273510,väiketrükis
2314674,arheoloogiline leid
3563659,kavand/joonis/eskiis
2070782,foto
4036522,helisalvestis
4237622,plakat
2649719,foto
2757326,plakat
3490141,kavand/joonis/eskiis
3085786,foto
1617010,foto
2746358,fotonegatiiv
2057539,foto
2352133,medal
2617239,"foto, postkaart"
2788057,fotonegatiiv
3225368,fotonegatiiv
3350836,dokument
4089099,fotonegatiiv
3756824,käsikiri
2045232,foto
235054,muusikainstrument
3785913,käsikiri
4050910,käsikiri
2036911,foto
2064826,foto
2745430,fotonegatiiv
3194796,telegramm
2075593,fotonegatiiv
1768104,plakat
2339799,foto
2060715,foto
3314065,kiri
1613437,foto
2352651,medal
1328608,foto
3178644,pitser/templijäljend
2441473,raamat
2816641,fotonegatiiv
2159156,kiri
2332018,arheoloogiline leid
4087273,plakat
3597209,graafika
3437383,dokument
4094520,plakat
1184733,fotomaterjal
3560705,kiri
3180254,käsikiri
3434417,foto
203498,"käsikiri, laul/ vokaalmuusika"
3623044,kavand/joonis/eskiis
3632002,kavand/joonis/eskiis
2091514,diapositiiv
2333567,arheoloogiline leid
4107310,plakat
229745,kava
4308759,plakat
3597158,graafika
2829988,fotonegatiiv
4170765,"käsikiri, laul/ vokaalmuusika"
3540175,foto
2320752,arheoloogiline leid
2156082,foto
3420121,ajaleht
2326696,arheoloogiline leid
4095930,plakat
2339184,lina/linik
2710783,kiri
1834356,telegramm
3921534,plakat
2797634,fotonegatiiv
4295684,fotonegatiiv
3041927,plakat
4041906,käsikiri
2762221,fotonegatiiv
3630149,kavand/joonis/eskiis
2065996,foto
4266545,plakat
3344092,kava
2162247,kava
2041156,"foto, postkaart"
4086041,fotonegatiiv
3284311,skulptuur
2720287,foto
4128515,foto
4216346,foto
3483475,medal
3662910,kavand/joonis/eskiis
4089356,fotonegatiiv
3615298,kavand/joonis/eskiis
2594834,käsikiri
3518464,kiri
3414045,foto
3690693,kavand/joonis/eskiis
2074613,fotonegatiiv
2711922,foto
4078164,käsikiri
4294493,fotonegatiiv
3369927,digitaalne kujutis
3280706,fotonegatiiv
3252454,kiri
3906749,raamat
3672441,kavand/joonis/eskiis
2538957,fotonegatiiv
4100194,plakat
2345403,foto
236002,graafika
3587338,kutse
4260777,fotonegatiiv
2739972,foto
4105241,trükinoot
2034412,foto
2794482,fotonegatiiv
4290962,fotonegatiiv
2322484,arheoloogiline leid
3712989,kavand/joonis/eskiis
2512915,münt
4295892,fotonegatiiv
3559560,käsikiri
2734413,raamat
4299410,fotonegatiiv
1120292,kavand/joonis/eskiis
2034767,foto
2705940,fotonegatiiv
4046943,ajaleht
3269197,muusikainstrument
3974316,"käsikiri, muusikateos"
2056941,foto
3739193,joonistus
2530978,foto
3069356,kiri
2520576,foto
2756732,foto
3179469,pitser/templijäljend
4205043,helisalvestis
416724,nõu/anum
3167730,fotonegatiiv
3622135,foto
2285676,fotonegatiiv
3499239,käsikiri
2762539,fotonegatiiv
2394639,kava
3101814,kutse
3585458,foto
4042785,postkaart
234505,käsikiri
2746041,dokument
2724408,foto
2330077,arheoloogiline leid
2179720,foto
237152,graafika
3840384,fotonegatiiv
3667155,foto
3466727,silt/märk
2732766,foto
3870868,foto
3000894,kava
3815140,käsikiri
2815370,fotonegatiiv
3311603,foto
223077,plakat
3062226,plakat
3390767,foto
2325846,arheoloogiline leid
4300943,plakat
2934425,foto
2739941,foto
4104304,foto
2725032,raamat
3911743,plakat
2347175,foto
2330917,arheoloogiline leid
2055257,foto
2329421,arheoloogiline leid
3770089,foto
2039034,foto
2556215,kava
1811585,dokument
4250551,käsikiri
3110201,kutse
399936,fotonegatiiv
2714373,foto
2507488,raamat
3177101,foto
3422529,foto
2068765,foto
2816104,fotonegatiiv
3653593,foto
4147360,käsikiri
2832597,fotonegatiiv
2772379,fotonegatiiv
2538496,fotonegatiiv
2809729,fotonegatiiv
2332833,arheoloogiline leid
3288463,graafika
3338091,fotonegatiiv
2351770,medal
4282538,dokument
3254340,kavand/joonis/eskiis
3833086,fotonegatiiv
3032661,plakat
2037578,foto
3244794,foto
2431886,foto
3485712,kavand/joonis/eskiis
200613,"käsikiri, laul/ vokaalmuusika"
2512574,münt
3437368,dokument
3604227,graafika
3170020,käsikiri
3430381,foto
3827572,foto
3930250,plakat
2067489,foto
2912640,kava
2756413,kavand/joonis/eskiis
3836167,graafika
2832395,raamat
3213856,kaustik/vihik
4280663,plakat
4301611,dokument
3976165,kiri
3260286,kavand/joonis/eskiis
1282258,plakat
2510795,münt
2073114,fotonegatiiv
3710941,kavand/joonis/eskiis
2079906,fotonegatiiv
3270597,kiri
2659573,foto
3979900,plakat
3661294,fotomaterjal
3775779,fotonegatiiv
3756139,graafika
2790879,fotonegatiiv
2318791,arheoloogiline leid
3866842,foto
2732647,foto
2323614,arheoloogiline leid
2770790,fotonegatiiv
2715806,foto
3637321,foto
4261742,fotonegatiiv
2729160,foto
2673121,kiri
2827394,fotonegatiiv
2677726,raamat
3313482,postkaart
2052429,foto
3633032,kiri
3195657,telegramm
2316744,arheoloogiline leid
2080474,fotonegatiiv
3056851,plakat
3946643,raamat
2764864,fotonegatiiv
2512338,münt
3826901,"kiri, postkaart"
2764907,fotonegatiiv
3908586,kava
3977176,kiri
3620927,kiri
3959634,raamat
1402345,"käsikiri, muusikateos"
3765929,dokument
4123184,helisalvestis
3280188,raamat
4095796,plakat
2646950,raamat
2528813,münt
2168144,kava
3846586,graafika
3693569,fotonegatiiv
3698301,skulptuur
2940682,raamat
3840163,fotonegatiiv
2318678,arheoloogiline leid
2253415,noodid
3868766,raamat
3981017,aukiri/auaadress
1905446,noodid
3579385,digitaalne kujutis
4111862,käsikiri
4042683,plakat
2055038,foto
2586994,kiri
2780097,fotonegatiiv
222732,plakat
4125357,foto
2325266,arheoloogiline leid
3576082,kavand/joonis/eskiis
2370657,pitser/templijäljend
2078284,fotonegatiiv
3518411,kiri
2197660,foto
3488081,kava
3887318,kava
2068499,foto
4299184,fotonegatiiv
2968336,raamat
2170731,kavand/joonis/eskiis
2773917,fotonegatiiv
4202302,"käsikiri, muusikateos"
2059799,foto
2039633,foto
3780036,raamat
3422542,foto
3685659,kavand/joonis/eskiis
2809462,fotonegatiiv
3870952,graafika
2776602,fotonegatiiv
2867638,kutse
1920189,noodid
227345,plakat
2600817,foto
3816827,foto
3582893,kavand/joonis/eskiis
2163558,noodid
2820545,fotonegatiiv
2313552,arheoloogiline leid
4167129,trükinoot
4135279,"käsikiri, laul/ vokaalmuusika"
2743272,fotonegatiiv
3666521,kavand/joonis/eskiis
2316722,arheoloogiline leid
4251152,kavand/joonis/eskiis
2720361,foto
4050230,ajakiri
2730683,foto
3713351,foto
2321130,arheoloogiline leid
2743409,fotonegatiiv
3501550,kava
2799498,fotonegatiiv
2742139,fotonegatiiv
2323773,arheoloogiline leid
2945459,plakat
3335541,digitaalne kujutis
2069775,foto
3915959,ajaleht
3838170,kiri
3644932,kiri
3927294,kiri
3481669,kava
3620305,telegramm
3270987,graafika
2356730,kalender
3164684,kava
2870855,kava
2327735,arheoloogiline leid
2297983,kava
3224584,foto
3010540,noodid
3653544,foto
3422442,foto
2323635,arheoloogiline leid
3300099,kavand/joonis/eskiis
2049241,foto
3757569,graafika
4289740,plakat
2785264,fotonegatiiv
2829300,kava
3774234,fotonegatiiv
4282466,väiketrükis
3788311,raamat
3741783,foto
2324237,arheoloogiline leid
4309089,plakat
2807107,fotonegatiiv
1000556,fotonegatiiv
2763742,fotonegatiiv
4114903,plakat
2403942,fotonegatiiv
3538693,foto
2803708,fotonegatiiv
3138937,kiri
2078829,fotonegatiiv
3908398,väiketrükis
2329814,arheoloogiline leid
3765145,nõu/anum
2053776,foto
1711380,diapositiiv
2057671,foto
2078381,fotonegatiiv
3626403,kavand/joonis/eskiis
3046777,raamat
3696799,kavand/joonis/eskiis
217692,plakat
2748450,fotonegatiiv
4083306,kiri
4110371,plakat
3938508,käsikiri
3666568,kavand/joonis/eskiis
2612549,raamat
3211232,kiri
4087156,plakat
3990532,käsikiri
2785544,fotonegatiiv
2587781,dokument
3219765,graafika
2353142,medal
2953514,foto
2576894,dokument
2318744,arheoloogiline leid
2503378,kava
3537547,kavand/joonis/eskiis
393974,fotonegatiiv
2578579,dokument
2107342,pitser/templijäljend
4142640,"käsikiri, laul/ vokaalmuusika"
2283080,noodid
4028492,digitaalne kujutis
3236090,kava
2546007,foto
2768738,fotonegatiiv
2580866,dokument
201031,"käsikiri, laul/ vokaalmuusika"
4089230,fotonegatiiv
3381535,foto
3525309,kavand/joonis/eskiis
2080265,fotonegatiiv
2762435,fotonegatiiv
3657427,kavand/joonis/eskiis
2314898,arheoloogiline leid
4308080,dokument
2813786,kava
2336871,foto
2715783,foto
3941255,münt
2072959,fotonegatiiv
3559653,foto
3487255,kavand/joonis/eskiis
3925280,raamat
2436415,plakat
3342725,kavand/joonis/eskiis
3557221,foto
4228989,plakat
2800800,fotonegatiiv
3088030,raamat
2315815,arheoloogiline leid
3283060,fotonegatiiv
2047009,foto
3539016,kava
2239529,käsikiri
4226753,plakat
1124038,fotonegatiiv
2725617,foto
2015020,kava
2324152,arheoloogiline leid
2934613,foto
2322112,arheoloogiline leid
2034248,foto
2726294,foto
4082088,plakat
3977818,käsikiri
2658058,fotonegatiiv
3059314,karikatuur
4124638,"käsikiri, laul/ vokaalmuusika"
2056272,foto
2022554,diapositiiv
2720070,foto
2778353,fotonegatiiv
2917136,kavand/joonis/eskiis
2078369,fotonegatiiv
3845818,graafika
2686802,foto
4028873,digitaalne kujutis
2556543,kiri
2079759,fotonegatiiv
3697435,kavand/joonis/eskiis
2084768,kava
207220,"käsikiri, muusikateos"
3996960,plakat
3782444,noodid
3366456,foto
396883,fotonegatiiv
4029856,plakat
2079229,fotonegatiiv
3148839,pitser/templijäljend
3617917,fotonegatiiv
1711392,diapositiiv
2329346,arheoloogiline leid
2735364,foto
3646525,graafika
2909230,kiri
3664530,kava
3137224,kiri
2070402,foto
2068971,foto
2072411,foto
2079849,fotonegatiiv
2790649,fotonegatiiv
3902104,raamat
2328158,arheoloogiline leid
4219003,"käsikiri, muusikateos"
3919333,aukiri/auaadress
2798096,fotonegatiiv
2079049,fotonegatiiv
2067228,foto
2910115,dokument
2314076,arheoloogiline leid
2444897,raamat
2786708,foto
3938032,raamat
2762631,fotonegatiiv
3150075,kava
2159352,kiri
2352179,medal
2729193,foto
3654709,kavand/joonis/eskiis
2533444,kava
2687476,foto
2785057,fotonegatiiv
3947303,helisalvestis
3179149,käsikiri
1864438,diapositiiv
2352694,medal
3734752,graafika
3655877,ajaleht
2797463,fotonegatiiv
4119846,plakat
2351650,medal
3229876,foto
1185686,fotomaterjal
2334597,arheoloogiline leid
3773321,raamat
465503,fotonegatiiv
2625081,foto
3178010,kiri
2774612,fotonegatiiv
3867253,kiri
3901311,kiri
2505056,ehe
1299084,nukk
399948,laegas/karp
2080144,fotonegatiiv
3059453,raamat
3930062,plakat
2856303,foto
3651387,kavand/joonis/eskiis
3580058,foto
2321401,arheoloogiline leid
2047032,foto
4090203,kalender
2717746,foto
2793025,fotonegatiiv
3358694,kava
2321442,arheoloogiline leid
3691318,kavand/joonis/eskiis
2802320,fotonegatiiv
3507383,graafika
2934902,foto
3182098,käsikiri
2064292,foto
2327192,arheoloogiline leid
2333281,arheoloogiline leid
4091681,plakat
1981607,fotonegatiiv
4049784,ajakiri
233721,silt/märk
2054206,foto
2059311,foto
3575444,foto
2052147,foto
3135695,pitser/templijäljend
3161090,pitser/templijäljend
3766549,kava
2331481,arheoloogiline leid
3625206,raamat
2002323,fotonegatiiv
2687435,foto
2234337,fotonegatiiv
2531781,kava
2280791,kava
2682775,kiri
3618319,telegramm
2035006,foto
3512495,kavand/joonis/eskiis
3007761,noodid
3147963,kava
3116381,pitser/templijäljend
2512562,münt
2429316,raamat
4170755,plakat
2546598,postkaart
2157600,kiri
3333078,kava
2719914,foto
3674045,telegramm
2125364,ajakiri
3146413,käsikiri
3367831,foto
2322290,arheoloogiline leid
3326917,väiketrükis
3422390,foto
2321618,arheoloogiline leid
2720999,foto
3593007,telegramm
2833630,postkaart
3430821,foto
2704685,fotonegatiiv
2723049,foto
3543029,foto
2484304,foto
3585530,dokument
3202800,pitser/templijäljend
2718434,foto
2960013,foto
2075838,fotonegatiiv
2427074,raamat
2959675,foto
2940407,kavand/joonis/eskiis
3297257,plakat
3560338,kavand/joonis/eskiis
3027793,plakat
3207516,kiri
3773880,fotonegatiiv
3866207,foto
2015092,foto
3627304,kiri
4310359,dokument
2814907,fotonegatiiv
3459521,plakat
3178744,pitser/templijäljend
2711954,foto
2056889,foto
4116794,plakat
2062551,foto
2695336,postkaart
1285668,väiketrükis
3670843,digitaalne kujutis
4087257,kavand/joonis/eskiis
4076644,käsikiri
2040453,foto
2730334,foto
2071186,foto
3538015,digitaalne kujutis
3684047,kavand/joonis/eskiis
2049159,foto
2334753,arheoloogiline leid
2953359,foto
3699047,graafika
3143290,käsikiri
2052036,foto
2079195,fotonegatiiv
2041278,foto
2117222,kava
2062868,foto
2023719,noodid
2723057,foto
199903,"käsikiri, muusikateos"
2777258,fotonegatiiv
3975594,telegramm
3919910,plakat
2352926,medal
3621099,"kiri, postkaart"
3516392,kava
395598,plakat
3294803,kiri
4000089,kava
2333385,arheoloogiline leid
396713,foto
2735687,foto
3372428,foto
2733432,foto
1659538,noodid
3168186,käsikiri
2530932,foto
3580056,dokument
3174624,kiri
2256551,kava
397471,foto
2050497,foto
2735482,foto
2178743,foto
2019041,väiketrükis
3527470,kavand/joonis/eskiis
2731445,foto
2793824,fotonegatiiv
3332886,paber
2799971,fotonegatiiv
4085578,plakat
3389399,kiri
4105721,raamat
3529076,kiri
2559450,kiri
2748634,fotonegatiiv
2746806,fotonegatiiv
3775065,fotonegatiiv
3813714,raamat
3179183,käsikiri
234085,raamat
2977059,kavand/joonis/eskiis
1916202,foto
3082256,kava
3263587,raamat
2195174,tunnistus
2313485,arheoloogiline leid
3347263,kava
4036197,foto
4131891,käsikiri
2731594,foto
3241650,münt
1637283,noodid
3729027,karikatuur
2048420,"foto, postkaart"
2039462,foto
229855,kavand/joonis/eskiis
3540750,foto
2704026,fotonegatiiv
2826115,fotonegatiiv
2050533,foto
3146967,pitser/templijäljend
3527475,kavand/joonis/eskiis
2339785,foto
4301057,helisalvestis
2064011,foto
3068872,kiri
2056776,foto
3576828,ajaleht
2325092,arheoloogiline leid
3129219,kavand/joonis/eskiis
2515430,foto
2364726,kiri
3693940,kavand/joonis/eskiis
2075142,fotonegatiiv
2391474,pitser/templijäljend
2734781,foto
3649398,foto
4132166,"käsikiri, laul/ vokaalmuusika"
3846981,dokument
2625004,kiri
3064738,plakat
3562820,kavand/joonis/eskiis
2726691,foto
2457392,foto
2058262,foto
2735131,foto
2970935,kavand/joonis/eskiis
3611751,kiri
2980979,raamat
3654068,kavand/joonis/eskiis
2798323,fotonegatiiv
2803681,fotonegatiiv
2339997,foto
2323764,arheoloogiline leid
3239314,paber
2041703,album
2076239,fotonegatiiv
2335279,arheoloogiline leid
2973860,raamat
2557539,foto
3739374,joonistus
3766435,kiri
4170351,plakat
2659072,fotonegatiiv
2312999,arheoloogiline leid
4050524,ajaleht
2319636,arheoloogiline leid
3678430,kavand/joonis/eskiis
3774595,fotonegatiiv
1890963,fotonegatiiv
3701017,kavand/joonis/eskiis
4046810,käsikiri
2323397,arheoloogiline leid
2455886,foto
3931040,"käsikiri, muusikateos"
2331928,arheoloogiline leid
3694563,kavand/joonis/eskiis
3679155,foto
2059279,foto
2036158,foto
3323393,foto
2826508,fotonegatiiv
2838705,foto
1460713,kava
2486103,kava
2366305,kava
2766216,fotonegatiiv
4046275,foto
2653132,fotonegatiiv
3618271,fotonegatiiv
3294468,maal
231484,kiri
3357383,aukiri/auaadress
3625829,fotonegatiiv
2317586,arheoloogiline leid
3177708,postkaart
4102495,plakat
3692328,foto
2051449,foto
3609545,graafika
3746315,joonistus
4285414,dokument
3325324,kutse
2063701,foto
2048976,foto
2745841,dokument
3160836,pitser/templijäljend
3144262,postkaart
2512849,münt
2727918,foto
2785472,foto
211257,muusikainstrument
4259477,käsikiri
3114765,käsikiri
2332653,arheoloogiline leid
2162771,kava
3545703,kaustik/vihik
2731153,foto
2057236,foto
3874760,raamat
215824,plakat
1849416,nõu/anum
3926498,plakat
2798158,fotonegatiiv
3187422,käsikiri
4089582,fotonegatiiv
217081,plakat
3226294,postkaart
2905654,graafika
3915397,foto
3941929,münt
3648192,kavand/joonis/eskiis
2197740,foto
3924361,postkaart
2333989,arheoloogiline leid
3987989,raamat
3430403,foto
4296809,dokument
3188826,pitser/templijäljend
3225296,fotonegatiiv
2701488,kava
3984923,plakat
3080634,digitaalne kujutis
2870316,foto
2857601,raamat
3358468,kava
3658440,kavand/joonis/eskiis
2035730,album
3616482,kavand/joonis/eskiis
2055901,foto
2708541,foto
2755410,dokument
3821987,foto
212928,muusikainstrument
2336700,arheoloogiline leid
223873,fotonegatiiv
3691465,kavand/joonis/eskiis
2169628,kott
2714039,raamat
2078805,fotonegatiiv
2666510,dokument
2829807,foto
2728584,foto
2733311,foto
2941650,foto
3529553,kiri
3403728,kava
2756355,kavand/joonis/eskiis
2314411,arheoloogiline leid
4046947,ajaleht
3675745,kavand/joonis/eskiis
2793938,fotonegatiiv
395039,foto
4069324,käsikiri
4116739,plakat
4236599,plakat
3920206,raamat
2803607,fotonegatiiv
3555666,kavand/joonis/eskiis
3911972,dokument
2318628,arheoloogiline leid
2969393,raamat
3159496,kava
3413944,foto
3758946,foto
3408486,ajaleht
3774335,fotonegatiiv
2405668,fotonegatiiv
3864907,foto
3155024,kava
3198522,kiri
1636163,plakat
2963312,kavand/joonis/eskiis
2546906,noodid
3064607,plakat
1972089,fotonegatiiv
3309152,kavand/joonis/eskiis
2764677,fotonegatiiv
2809658,fotonegatiiv
2059024,foto
2735585,foto
3234752,käsikiri
3056865,plakat
3121930,väiketrükis
3694439,kavand/joonis/eskiis
1885951,fotonegatiiv
4122811,plakat
2744005,fotonegatiiv
4047961,käsikiri
3309326,nõu/anum
3924678,raamat
3340407,foto
2317307,arheoloogiline leid
3116469,käsikiri
2521706,münt
2718935,foto
4122459,kava
2751150,dokument
2780366,foto
3435435,foto
4163126,"käsikiri, laul/ vokaalmuusika"
2315961,arheoloogiline leid
2133610,ajakiri
2708637,fotonegatiiv
197561,"käsikiri, laul/ vokaalmuusika"
2132050,"käsikiri, laul/ vokaalmuusika"
226063,foto
2049125,foto
2707723,fotonegatiiv
2055699,foto
2717639,foto
3746145,maal
1460653,kava
3659346,kavand/joonis/eskiis
2326060,arheoloogiline leid
3551543,ajakiri
3537675,kavand/joonis/eskiis
2316826,arheoloogiline leid
3526633,foto
3267221,fotonegatiiv
235493,karikatuur
3123652,käsikiri
2808261,fotonegatiiv
2312740,arheoloogiline leid
2267124,foto
1460633,kava
2816704,fotonegatiiv
3367683,kava
3381696,foto
2694320,foto
4305712,dokument
2383725,kiri
3291848,kavand/joonis/eskiis
2810880,fotonegatiiv
3753706,joonistus
2779961,fotonegatiiv
2327635,arheoloogiline leid
3033090,kiri
2530435,fotonegatiiv
3383911,käsikiri
2782764,dokument
3723159,raamat
3579165,digitaalne kujutis
3372384,foto
2795631,fotonegatiiv
2036517,foto
2737586,foto
3608257,foto
2463305,kavand/joonis/eskiis
3485964,kava
2034731,foto
3720618,joonistus
3689724,graafika
1122652,fotonegatiiv
3541115,foto
3399160,foto
2047343,foto
3921597,plakat
3175451,pitser/templijäljend
3225863,postkaart
2046919,foto
3675686,kavand/joonis/eskiis
4088456,plakat
2385208,foto
4087306,kavand/joonis/eskiis
3558149,kava
229226,"käsikiri, laul/ vokaalmuusika"
2764456,fotonegatiiv
3771136,kava
3152899,foto
3710098,graafika
2626788,raamat
3220400,foto
3155056,pitser/templijäljend
3254374,kutse
2238319,käsikiri
2305595,postkaart
3155388,joonistus
3359149,foto
3163587,pitser/templijäljend
3617022,kiri
2789266,fotonegatiiv
3574707,kava
3176773,käsikiri
2403761,foto
2659575,foto
2054300,foto
3943063,kava
2818701,fotonegatiiv
2981956,foto
2916052,kavand/joonis/eskiis
4029117,digitaalne kujutis
2071445,foto
2050274,foto
2176214,käsikiri
4091484,plakat
3196170,kavand/joonis/eskiis
4089359,fotonegatiiv
3940116,foto
4084577,plakat
4086140,fotonegatiiv
3349620,noodid
1324136,foto
3844435,kiri
2324582,arheoloogiline leid
2961058,ajakiri
2933426,kiri
4102481,plakat
2371283,ajaleht
4048072,"käsikiri, laul/ vokaalmuusika"
4261042,fotonegatiiv
4075829,kava
2767403,fotonegatiiv
3561977,kavand/joonis/eskiis
228569,kavand/joonis/eskiis
3219774,graafika
2473637,kava
2588947,kiri
2351894,medal
3367643,kava
198306,käsikiri
3398992,foto
2704507,fotonegatiiv
3772975,raamat
3775656,fotonegatiiv
3848248,trükinoot
2053854,foto
3576831,kava
2742598,fotonegatiiv
4000192,foto
2512658,münt
2080440,fotonegatiiv
2714990,kavand/joonis/eskiis
3535026,dokument
3941467,"käsikiri, laul/ vokaalmuusika"
2725554,foto
2328230,arheoloogiline leid
2747536,fotonegatiiv
3616576,kavand/joonis/eskiis
4090654,käsikiri
3671825,kavand/joonis/eskiis
3697571,kavand/joonis/eskiis
3682358,kiri
2687998,foto
4032906,raamat
3585976,digitaalne kujutis
2682804,kava
3134828,pitser/templijäljend
2810331,fotonegatiiv
3223802,"foto, postkaart"
3450838,foto
2318624,arheoloogiline leid
2726215,foto
3694426,kava
2048857,foto
4250996,kavand/joonis/eskiis
1711378,diapositiiv
1985011,kiri
3766357,kiri
4051051,käsikiri
3393188,foto
2077730,fotonegatiiv
1977241,fotonegatiiv
2080312,fotonegatiiv
2114751,ajakiri
2539625,"foto, postkaart"
2045181,foto
3149554,käsikiri
3339434,noodid
4229736,plakat
3152887,pitser/templijäljend
2054621,foto
3360087,"käsikiri, noodid"
3194663,dokument
2491379,foto
3705859,kiri
2720119,foto
2063368,foto
2325225,arheoloogiline leid
2236775,foto
3285495,raamat
3936385,käsikiri
3655658,kavand/joonis/eskiis
2550126,kiri
2076712,fotonegatiiv
3003460,plakat
3760923,foto
2708033,fotonegatiiv
2561127,kiri
3430653,foto
2197588,kutse
3840379,fotonegatiiv
2773918,fotonegatiiv
2970379,kava
2781451,fotonegatiiv
3512140,kavand/joonis/eskiis
3305182,raamat
2058740,foto
3607525,postkaart
2064568,foto
3156949,kavand/joonis/eskiis
2041673,foto
2064786,foto
3168150,kava
2318040,arheoloogiline leid
3066788,plakat
3695151,foto
2734726,foto
3337940,foto
2795045,fotonegatiiv
2725084,foto
2297122,kava
2054994,foto
2746532,fotonegatiiv
2480214,raamat
2780538,fotonegatiiv
2356741,kiri
2970170,"käsikiri, laul/ vokaalmuusika"
3764974,foto
3678755,kavand/joonis/eskiis
3625807,fotonegatiiv
3609262,foto
2322378,arheoloogiline leid
3578493,kavand/joonis/eskiis
2049263,foto
3203998,kiri
3195847,kavand/joonis/eskiis
2314095,arheoloogiline leid
2809814,fotonegatiiv
3389272,kiri
2713980,kiri
2719726,foto
4118779,plakat
3146706,foto
2554294,foto
2325246,arheoloogiline leid
2959668,foto
2830192,raamat
3667204,kavand/joonis/eskiis
3241539,kavand/joonis/eskiis
3078669,plakat
3960724,kiri
3116347,pitser/templijäljend
2568609,foto
2968639,foto
2471400,foto
3589774,kiri
3381524,foto
2512835,münt
3237460,fotonegatiiv
2049330,foto
3617798,kutse
205367,käsikiri
3757845,käsikiri
3580711,foto
4031595,helisalvestis
3401619,foto
2788176,fotonegatiiv
2470205,foto
3318433,kavand/joonis/eskiis
3535671,foto
2523012,münt
3075960,digitaalne kujutis
2064764,foto
4097679,plakat
2070606,foto
2330724,arheoloogiline leid
3089485,raamat
3177040,pitsat
1967798,diapositiiv
2233876,fotonegatiiv
2312426,arheoloogiline leid
2512876,münt
4147728,foto
1857002,fotomaterjal
2047961,foto
3170970,plakat
406610,nõu/anum
3629814,kiri
3639317,kavand/joonis/eskiis
2014481,kava
2041909,foto
3651486,kavand/joonis/eskiis
236640,graafika
2792358,fotonegatiiv
3538895,foto
3389303,kiri
2170791,kavand/joonis/eskiis
203383,"käsikiri, laul/ vokaalmuusika"
2036842,foto
3977751,raamat
2047247,foto
3489875,foto
2787978,fotonegatiiv
2512019,münt
2830996,fotonegatiiv
2074373,fotonegatiiv
2797858,"fotonegatiiv, fotonegatiiv"
2054355,foto
4046555,käsikiri
2330823,arheoloogiline leid
3930739,raamat
3786103,kiri
2828275,fotonegatiiv
3269645,dokument
3718263,graafika
2069973,foto
4123778,käsikiri
3632604,fotonegatiiv
2334976,arheoloogiline leid
3538766,foto
2077365,fotonegatiiv
2657723,fotonegatiiv
2322429,arheoloogiline leid
399580,fotonegatiiv
3346471,maal
2329835,arheoloogiline leid
3867480,foto
2791938,fotonegatiiv
3153158,kalender
4063194,ajaleht
3230428,fotonegatiiv
3213465,käsikiri
4213034,plakat
3665674,ajakiri
2764018,fotonegatiiv
3673286,kava
3997366,foto
3771135,kava
4169798,raamat
2729551,foto
3579375,digitaalne kujutis
3525819,kiri
2056120,foto
2036715,foto
1981312,fotonegatiiv
3490025,kavand/joonis/eskiis
2076302,fotonegatiiv
2039736,foto
3775442,fotonegatiiv
4088545,plakat
2331623,arheoloogiline leid
3817026,postkaart
3542849,foto
1976831,silt/märk
3149908,kavand/joonis/eskiis
4089281,fotonegatiiv
3583055,dokument
2818547,fotonegatiiv
2809519,fotonegatiiv
3710534,kavand/joonis/eskiis
232970,dokument
2304491,kiri
2078955,fotonegatiiv
1994911,diapositiiv
3622905,raamat
4289455,plakat
3561140,foto
4260913,fotonegatiiv
3606621,kavand/joonis/eskiis
2447747,foto
2531670,foto
4102374,plakat
2613302,käsikiri
3841434,trükinoot
2539341,"foto, postkaart"
2061952,foto
2814690,fotonegatiiv
2053454,foto
4045644,plakat
2669297,kiri
4029895,raamat
2405456,fotonegatiiv
2768409,fotonegatiiv
2792423,fotonegatiiv
4093075,kava
2935288,foto
2323482,arheoloogiline leid
2335331,arheoloogiline leid
2521315,münt
1548550,käsikiri
2407467,fotonegatiiv
3671817,kavand/joonis/eskiis
2772269,fotonegatiiv
2751437,käsikiri
2538237,fotonegatiiv
3403423,foto
2788408,fotonegatiiv
4039089,foto
3575953,kavand/joonis/eskiis
1857478,kava
3606151,kavand/joonis/eskiis
3387415,foto
1880120,fotonegatiiv
3266582,ajaleht
3433011,foto
2336861,kiri
3293930,fotonegatiiv
2805310,fotonegatiiv
2256590,kava
3700576,foto
2496137,foto
2327752,arheoloogiline leid
3054256,plakat
2805160,fotonegatiiv
2601136,käsikiri
215841,plakat
2738406,foto
2316324,arheoloogiline leid
231257,foto
2057734,foto
3202834,pitser/templijäljend
3391922,foto
216316,plakat
2057940,foto
4043051,käsikiri
4166802,plakat
2078597,fotonegatiiv
3693728,fotonegatiiv
4058734,kava
2988481,foto
2808850,fotonegatiiv
2800908,fotonegatiiv
3271268,kiri
2052718,foto
3626398,kavand/joonis/eskiis
2351952,medal
3767231,maal
3126695,graafika
3713679,joonistus
2741690,plakat
4308877,dokument
3335658,väiketrükis
3122187,käsikiri
3832799,fotonegatiiv
3254800,kutse
3075352,kiri
2327295,arheoloogiline leid
2324033,arheoloogiline leid
3678258,kavand/joonis/eskiis
3765671,foto
2330666,arheoloogiline leid
2905594,fotonegatiiv
2397778,kiri
222377,kleit
3342897,kavand/joonis/eskiis
2720064,foto
4217153,plakat
3358567,kava
3903943,plakat
2720572,foto
3762197,karikatuur
3921735,plakat
4082985,kalender
2330837,arheoloogiline leid
1626741,nõu/anum
3283026,fotonegatiiv
4040903,kava
2747038,kava
4117097,plakat
3833196,fotonegatiiv
2178687,noodid
3083222,kava
3832909,fotonegatiiv
1927801,pitser/templijäljend
2076093,fotonegatiiv
2048965,foto
2343715,silt/märk
1649571,noodid
2825567,fotonegatiiv
2314020,arheoloogiline leid
3817017,foto
2336029,arheoloogiline leid
2803543,fotonegatiiv
2720385,foto
2652997,fotonegatiiv
1206568,fotomaterjal
4050432,ajakiri
2107578,kava
2326342,arheoloogiline leid
4278199,dokument
2336714,arheoloogiline leid
2003566,noodid
4062858,ajaleht
2065360,foto
3041915,plakat
4042232,käsikiri
2926634,kavand/joonis/eskiis
3651463,kavand/joonis/eskiis
2687457,foto
3943280,kava
2038485,foto
3173464,kava
2474133,foto
3376844,foto
1981336,fotonegatiiv
4295191,fotonegatiiv
2315821,arheoloogiline leid
3289217,raamat
2060531,foto
4040583,"käsikiri, muusikateos"
3979131,kiri
3959492,väiketrükis
3729264,kavand/joonis/eskiis
3240031,käsikiri
2778897,fotonegatiiv
1305681,foto
3242321,fotonegatiiv
3169329,käsikiri
3213321,pitser/templijäljend
4111188,plakat
4042864,plakat
2329545,arheoloogiline leid
3153092,käsikiri
2132041,fotonegatiiv
4085299,paber
3916158,raamat
1852494,telegramm
3604787,trükinoot
2567316,dokument
2050723,foto
3347500,foto
4104601,plakat
2102977,kiri
3376483,foto
2301893,aukiri/auaadress
2328653,arheoloogiline leid
3693407,fotonegatiiv
2748367,fotonegatiiv
2268064,dokument
3751534,foto
3671881,kavand/joonis/eskiis
1836750,diapositiiv
3920716,plakat
2808793,fotonegatiiv
3965063,helisalvestis
2327657,arheoloogiline leid
3912309,foto
3322343,kiri
2781283,fotonegatiiv
2166689,"käsikiri, laul/ vokaalmuusika"
4087545,kavand/joonis/eskiis
3605092,foto
3198324,käsikiri
2521786,münt
3279415,fotonegatiiv
2803195,fotonegatiiv
2080948,fotonegatiiv
3193996,käsikiri
3765980,dokument
3694491,foto
2338466,plakat
3432182,käsikiri
2528477,münt
2046829,foto
2724556,foto
2436534,plakat
2329141,arheoloogiline leid
2538463,fotonegatiiv
3753588,kiri
1868623,noodid
1862374,diapositiiv
3901620,noodid
2771656,fotonegatiiv
3852111,foto
3181461,käsikiri
3059015,plakat
3293702,plakat
2080213,fotonegatiiv
3705186,maal
3435812,foto
2393490,kava
2314153,arheoloogiline leid
3073996,plakat
3435756,foto
2795310,fotonegatiiv
1309178,foto
2743948,fotonegatiiv
3817018,foto
4299056,fotonegatiiv
400261,foto
3278546,postkaart
4049740,ajakiri
2256567,kava
3926767,plakat
2794310,fotonegatiiv
2762063,fotonegatiiv
2812817,fotonegatiiv
3955673,plakat
2748455,fotonegatiiv
2708124,fotonegatiiv
2760715,fotonegatiiv
1900906,kiri
4049270,ajakiri
3662841,kiri
3334702,digitaalne kujutis
2334284,arheoloogiline leid
2318504,arheoloogiline leid
2876223,kalender
2321887,arheoloogiline leid
2397897,foto
2511091,münt
216951,plakat
3933845,kava
2491462,foto
2267256,fotonegatiiv
2334524,arheoloogiline leid
4086729,fotonegatiiv
1324663,pitsat
3629515,fotonegatiiv
3252706,kavand/joonis/eskiis
3263520,foto
4203311,"käsikiri, muusikateos"
395772,fotonegatiiv
3171055,käsikiri
3981228,kava
3043638,plakat
3664018,kava
3886336,raamat
3101767,noodid
3658838,kavand/joonis/eskiis
3204727,kiri
3579018,digitaalne kujutis
3005826,ajaleht
2351692,medal
3542926,foto
2329677,arheoloogiline leid
3846765,foto
1761678,diapositiiv
2065191,foto
3278717,graafika
1809788,dokument
2710851,foto
3422449,foto
1977434,fotonegatiiv
2039776,foto
2037450,foto
3177993,kava
3580401,dokument
2691094,foto
3662811,kavand/joonis/eskiis
2038739,foto
3535542,kava
4086973,fotonegatiiv
4277631,kava
4278534,kiri
2321704,arheoloogiline leid
4089177,fotonegatiiv
2570717,noodid
3394001,foto
3220936,foto
2978192,dokument
2538633,fotonegatiiv
3826045,ajakiri
4203457,raamat
4122820,raamat
4112408,plakat
3371245,foto
3201677,käsikiri
2528223,münt
3670709,digitaalne kujutis
3619822,fotonegatiiv
2396607,foto
2764668,fotonegatiiv
3432561,kutse
3903904,kava
3565331,kava
2930232,kiri
2788526,fotonegatiiv
1712855,diapositiiv
2991002,foto
2351740,medal
3537162,foto
216319,plakat
212008,muusikainstrument
3670751,telegramm
214594,silt/märk
3577356,foto
2078862,fotonegatiiv
3417482,foto
3817786,foto
3526563,kavand/joonis/eskiis
2944560,kavand/joonis/eskiis
3176058,pitsat
3626047,fotonegatiiv
3538090,digitaalne kujutis
2322929,arheoloogiline leid
2041546,foto
2047610,foto
3727316,kavand/joonis/eskiis
4261639,fotonegatiiv
3067827,kiri
3646423,kavand/joonis/eskiis
2827385,fotonegatiiv
2037986,foto
2458393,foto
2353580,medal
2531597,foto
2067560,foto
3332263,käsikiri
2776743,fotonegatiiv
2931025,kiri
2944337,kiri
3319030,graafika
3694289,graafika
3387984,foto
3775536,fotonegatiiv
2735581,foto
3766125,foto
2079543,fotonegatiiv
2053312,foto
2318834,arheoloogiline leid
3568786,kava
2725562,foto
2034787,"foto, postkaart"
2748419,fotonegatiiv
2058203,foto
2737225,foto
2598353,väiketrükis
4048021,ajaleht
2388437,raamat
3142405,väiketrükis
3195378,telegramm
3334881,foto
2039075,foto
4280504,dokument
3104606,noodid
2405301,fotonegatiiv
3090448,ajakiri
3676090,kavand/joonis/eskiis
2625347,dokument
235662,karikatuur
3615888,foto
3615352,foto
3294425,graafika
2539627,"foto, postkaart"
3222381,pitsat
3069221,kiri
3188273,pitser/templijäljend
3931416,plakat
4028573,digitaalne kujutis
4150390,"käsikiri, laul/ vokaalmuusika"
3672525,kavand/joonis/eskiis
1461537,kava
2804053,fotonegatiiv
2790590,fotonegatiiv
2568857,foto
3926666,kiri
2732106,foto
2606036,käsikiri
2911065,telegramm
2042466,foto
2385664,foto
3845707,kiri
225587,nukk
3167254,fotonegatiiv
2073346,fotonegatiiv
3380531,foto
216899,plakat
3197290,digitaalne kujutis
3116709,käsikiri
3866495,foto
2934460,foto
2981260,foto
2332087,arheoloogiline leid
1899093,kiri
2317070,arheoloogiline leid
2067993,foto
2781373,fotonegatiiv
2748619,fotonegatiiv
3891523,kava
3233533,fotonegatiiv
2552982,foto
3624213,kiri
2715757,foto
2042581,foto
3284464,raamat
2137639,fotonegatiiv
3638786,kiri
3342179,raamat
3168884,kava
3580409,dokument
4222193,plakat
3926947,plakat
3006331,noodid
2321702,arheoloogiline leid
4119598,plakat
2994510,raamat
2078500,fotonegatiiv
4132046,"käsikiri, laul/ vokaalmuusika"
3921817,plakat
3652523,"käsikiri, laul/ vokaalmuusika"
3069487,kiri
226288,karikatuur
2077399,fotonegatiiv
2071973,foto
3633716,arheoloogiline leid
2043218,foto
2714420,foto
2706160,fotonegatiiv
3607261,raamat
4042184,käsikiri
2454499,foto
2695374,raamat
3435886,foto
4289108,dokument
4319282,käsikiri
2783356,fotonegatiiv
3707589,foto
3906121,plakat
2410817,foto
2998647,foto
2324204,arheoloogiline leid
2327919,arheoloogiline leid
3802469,kiri
3059284,kiri
2793188,fotonegatiiv
2324894,arheoloogiline leid
3161088,pitser/templijäljend
2723751,foto
4265492,dokument
3372612,graafika
3908375,noodid
4225754,plakat
2618052,väiketrükis
2077821,fotonegatiiv
2324310,arheoloogiline leid
3165553,pitser/templijäljend
2405748,fotonegatiiv
3843584,kiri
2771138,fotonegatiiv
3813062,foto
2595565,kiri
213179,kavand/joonis/eskiis
3077911,plakat
3697547,raamat
3908669,dokument
393503,foto
3566014,foto
3829811,kiri
2353191,medal
2047476,foto
2828768,fotonegatiiv
2320564,arheoloogiline leid
2473669,foto
3579631,digitaalne kujutis
1919136,fotonegatiiv
3038479,plakat
2793686,fotonegatiiv
4100586,foto
2747513,fotonegatiiv
3430745,foto
3720907,kavand/joonis/eskiis
4085399,fotonegatiiv
3966775,postkaart
2737657,foto
4223712,plakat
2722248,foto
3605992,kavand/joonis/eskiis
3877114,raamat
227464,kavand/joonis/eskiis
4105693,plakat
2328827,arheoloogiline leid
2476820,raamat
2164978,käsikiri
2708505,fotonegatiiv
3758653,kavand/joonis/eskiis
2045871,foto
2331199,arheoloogiline leid
2760647,fotonegatiiv
4030392,digitaalne kujutis
2352686,medal
2080118,fotonegatiiv
3796134,foto
3672721,foto
4031556,foto
3267660,kavand/joonis/eskiis
3332190,käsikiri
3058642,plakat
2737433,foto
3164639,kava
2732660,foto
2043194,foto
4028519,digitaalne kujutis
2332170,arheoloogiline leid
4102367,plakat
2046644,foto
2946224,kaustik/vihik
2725709,foto
4083782,plakat
2298771,foto
235626,karikatuur
2782618,foto
3886454,raamat
1892935,dokument
4278128,dokument
2342341,laegas/karp
3796213,dokument
2292143,"kiri, postkaart"
2391071,väiketrükis
2250016,album
2333473,arheoloogiline leid
3266193,märkmed
2034009,foto
1986784,noodid
2521157,münt
2725981,foto
2806614,fotonegatiiv
3710864,kavand/joonis/eskiis
2158805,kava
2453463,kiri
2144465,kava
3341004,skulptuur
209551,kleit
4121993,kava
4067418,plakat
2580371,graafika
3629962,kiri
2064431,foto
2077142,fotonegatiiv
4103129,foto
2772876,fotonegatiiv
2938467,ajakiri
2198227,kava
4029874,plakat
3687886,kavand/joonis/eskiis
3655123,kavand/joonis/eskiis
3525111,kavand/joonis/eskiis
2353064,medal
2517356,foto
4258743,käsikiri
2787858,fotonegatiiv
2764727,fotonegatiiv
2998731,foto
3979140,kiri
2797801,fotonegatiiv
394752,foto
3439145,graafika
2763210,fotonegatiiv
3697522,kavand/joonis/eskiis
2485685,foto
1968331,diapositiiv
2332079,arheoloogiline leid
3065214,raamat
3645556,foto
2760824,fotonegatiiv
3552717,dokument
3674902,foto
4110480,plakat
2794985,fotonegatiiv
2814612,fotonegatiiv
3450972,postkaart
2352093,medal
3574087,märkmed
2314965,arheoloogiline leid
3557237,foto
2719375,foto
2518566,graafika
3941163,kava
2423169,raamat
3986407,raamat
2078927,fotonegatiiv
3490150,kavand/joonis/eskiis
2051027,foto
3833614,foto
2549766,dokument
2352704,medal
3638480,graafika
2744095,fotonegatiiv
226363,kava
3432948,foto
3926744,plakat
3913031,kiri
2785614,fotonegatiiv
2079157,fotonegatiiv
3980694,aukiri/auaadress
3279080,lint/pael
204403,käsikiri
4100603,kiri
2039148,"foto, postkaart"
2064025,foto
3684535,raamat
3033363,kiri
3535526,kava
2846860,foto
2100324,kava
2538360,fotonegatiiv
2752437,väiketrükis
2719709,foto
2665895,foto
3236912,raamat
3924634,foto
2267774,dokument
397023,foto
4082342,aukiri/auaadress
3142990,pitser/templijäljend
2774136,fotonegatiiv
3059398,fotonegatiiv
2735073,foto
2315107,arheoloogiline leid
3720535,joonistus
4081346,plakat
3119307,kiri
3207457,kiri
3629527,kavand/joonis/eskiis
2731920,foto
2787866,fotonegatiiv
2482881,fotonegatiiv
3173000,kava
3617381,käsikiri
4087825,kavand/joonis/eskiis
2076555,fotonegatiiv
2908008,kava
2357860,kiri
3851966,foto
3302602,raamat
2079364,fotonegatiiv
4099192,ajaleht
2163759,kiri
3564973,kavand/joonis/eskiis
2016811,kava
3554455,dokument
3685256,kavand/joonis/eskiis
3776076,fotonegatiiv
4319294,dokument
3622331,dokument
2074869,fotonegatiiv
2072456,foto
2780004,fotonegatiiv
3796177,graafika
1844095,noodid
4048015,ajaleht
4064748,käsikiri
3929456,plakat
3955001,foto
2331398,arheoloogiline leid
1428476,noodid
3315444,kavand/joonis/eskiis
2073001,fotonegatiiv
4118823,plakat
2474074,foto
3537091,foto
3864852,ajaleht
2812826,fotonegatiiv
2129287,"käsikiri, laul/ vokaalmuusika"
2515339,foto
4060759,foto
3716281,kava
3140169,kiri
3061728,plakat
2611702,foto
2067655,foto
3632543,fotonegatiiv
2764102,fotonegatiiv
2321350,arheoloogiline leid
2806836,fotonegatiiv
2071414,foto
2352782,medal
2319888,arheoloogiline leid
2313165,arheoloogiline leid
3054294,raamat
2686739,foto
2335889,arheoloogiline leid
2049122,foto
3221905,käsikiri
2076211,fotonegatiiv
1658494,raamat
2717400,foto
2746367,fotonegatiiv
3693754,fotonegatiiv
2044442,foto
4077463,väiketrükis
3242426,foto
2328870,arheoloogiline leid
2799098,fotonegatiiv
2040113,foto
229153,lint/pael
3349881,käsikiri
3579103,ajaleht
2849083,foto
1886960,fotonegatiiv
2247769,väiketrükis
3163623,pitser/templijäljend
2174206,kava
4110445,plakat
2071170,foto
2124034,kiri
2032254,noodid
2065864,foto
1461547,kava
3692776,foto
2721078,foto
4030276,digitaalne kujutis
3357797,kava
2882227,foto
3960892,kiri
3192253,käsikiri
4264479,dokument
2820060,fotonegatiiv
1714751,laegas/karp
2940981,raamat
3707371,foto
2737240,foto
3048543,kiri
3827602,foto
2788019,fotonegatiiv
2714929,foto
2277193,dokument
3615686,kavand/joonis/eskiis
3605090,noodid
2982008,foto
2539102,fotonegatiiv
4282683,raamat
2587853,foto
4135457,dokument
3080968,fotonegatiiv
2512861,münt
2388587,raamat
2735405,foto
3675986,kavand/joonis/eskiis
4283316,dokument
2067861,foto
3357673,kava
2350849,kiri
3954975,raamat
3481904,pakend
2155553,"käsikiri, laul/ vokaalmuusika"
3066298,fotonegatiiv
3229107,silt/märk
3976195,kiri
223742,plakat
3529424,kiri
3295013,raamat
2724223,foto
2168560,kiri
2040813,foto
2474322,fotonegatiiv
3916242,raamat
4226751,plakat
3201398,pitser/templijäljend
2832319,fotonegatiiv
2314511,arheoloogiline leid
3342645,kavand/joonis/eskiis
2065437,foto
2060442,foto
2060423,foto
2060367,foto
3152927,pitser/templijäljend
4105492,foto
2764856,fotonegatiiv
3432290,foto
2080008,fotonegatiiv
4295904,fotonegatiiv
4291450,fotonegatiiv
3608244,foto
2999421,noodid
2317319,arheoloogiline leid
3347941,foto
3493692,raamat
2315485,arheoloogiline leid
2052361,foto
2515167,foto
2799593,fotonegatiiv
3672621,foto
2745978,fotonegatiiv
3093605,kiri
2719525,foto
3627120,kiri
3387031,foto
2067940,foto
3670493,ajakiri
2831174,fotonegatiiv
3618104,kutse
2044134,foto
2770950,fotonegatiiv
2710557,kalender
3555664,kavand/joonis/eskiis
1331505,pitsat
236912,graafika
2744063,fotonegatiiv
3007553,foto
2708529,foto
2048815,foto
2538285,fotonegatiiv
2334695,arheoloogiline leid
2726127,foto
3940315,foto
3901101,foto
2820849,fotonegatiiv
3373426,digitaalne kujutis
2703877,fotonegatiiv
3422452,foto
1865422,diapositiiv
3974732,telegramm
4085519,fotonegatiiv
2764933,fotonegatiiv
229882,kavand/joonis/eskiis
1977374,fotonegatiiv
3850049,kava
3831005,noodid
3630127,telegramm
2074472,fotonegatiiv
2137864,fotonegatiiv
3045686,plakat
3431776,käsikiri
2763084,fotonegatiiv
2196273,kava
2765170,fotonegatiiv
3775791,fotonegatiiv
2334231,arheoloogiline leid
2704194,fotonegatiiv
2825589,kiri
3338451,fotonegatiiv
2828483,fotonegatiiv
3838819,aukiri/auaadress
4208874,"käsikiri, muusikateos"
3543678,foto
3633030,kava
203028,"käsikiri, laul/ vokaalmuusika"
3766399,kiri
2333551,arheoloogiline leid
3230920,postkaart
2825663,fotonegatiiv
3893023,noodid
3707067,foto
2079641,fotonegatiiv
3990852,raamat
2106836,pitser/templijäljend
2666497,dokument
2072089,foto
3110274,kutse
3855761,graafika
2852425,foto
3705195,foto
4097370,kiri
3401697,foto
3658610,kiri
2331610,arheoloogiline leid
2600809,käsikiri
2042064,foto
3085603,album
1831701,nõu/anum
4216640,plakat
4114907,pakend
3620492,telegramm
3274782,foto
2051842,foto
2572240,dokument
3585702,digitaalne kujutis
2094475,kava
2078853,fotonegatiiv
198923,"käsikiri, muusikateos"
2762871,fotonegatiiv
3143392,kava
3757058,foto
2960331,ajakiri
2820171,fotonegatiiv
2112294,noodid
3300115,fotonegatiiv
2065367,foto
3020890,fotonegatiiv
2074211,fotonegatiiv
3353903,kleit
2192814,kava
3639085,ajaleht
2055979,foto
3095833,digitaalne kujutis
2723390,foto
2706617,fotonegatiiv
2796491,fotonegatiiv
3388804,foto
3417500,foto
2246187,raamat
3846910,foto
3928498,plakat
2063493,foto
2069519,foto
2034252,foto
210985,muusikainstrument
3634977,ajaleht
3142998,käsikiri
3529495,kiri
2780308,fotonegatiiv
2147179,"käsikiri, laul/ vokaalmuusika"
2405990,fotonegatiiv
2798517,fotonegatiiv
4077601,käsikiri
3540540,foto
4306766,foto
3118510,foto
3484830,kavand/joonis/eskiis
3774126,fotonegatiiv
2210436,käsikiri
3210903,käsikiri
2385789,foto
3430584,foto
3625164,kiri
3697133,kavand/joonis/eskiis
4123753,postkaart
3312872,raamat
2266976,foto
4043641,"käsikiri, laul/ vokaalmuusika"
228455,kavand/joonis/eskiis
2055078,foto
4050247,ajakiri
3201454,pitser/templijäljend
3699245,foto
3851701,foto
4123964,"käsikiri, muusikateos"
2045762,foto
3931481,plakat
2711255,foto
2159214,kiri
2322821,arheoloogiline leid
3141108,käsikiri
2352181,medal
2077037,fotonegatiiv
2806580,fotonegatiiv
2070292,foto
2046614,foto
2807693,fotonegatiiv
3334244,fotonegatiiv
3491363,käsikiri
2179335,foto
1254479,postkaart
2660038,"foto, postkaart"
3430917,kutse
2772554,fotonegatiiv
2065789,foto
3157126,fotonegatiiv
4086204,fotonegatiiv
2722813,foto
3281505,raamat
4278656,kiri
4238372,foto
3178239,kiri
3667166,kavand/joonis/eskiis
3160910,foto
3632787,fotonegatiiv
2328268,arheoloogiline leid
2735518,foto
3371564,graafika
2316065,arheoloogiline leid
3686686,fotomaterjal
4269098,dokument
2064365,foto
4295891,fotonegatiiv
3580406,dokument
2829501,fotonegatiiv
4105605,märkmed
1325374,foto
2335908,arheoloogiline leid
3727385,kavand/joonis/eskiis
2721007,foto
2712067,foto
2935038,foto
4077906,käsikiri
3685404,kavand/joonis/eskiis
2724255,foto
2791263,fotonegatiiv
3622160,foto
3310630,kiri
3142604,käsikiri
2326641,arheoloogiline leid
3412176,foto
2324489,arheoloogiline leid
4318498,dokument
1928863,pitser/templijäljend
3966601,karikatuur
3146930,pitser/templijäljend
3557486,foto
4285185,plakat
4089574,fotonegatiiv
2650985,kiri
3149946,käsikiri
3690676,kavand/joonis/eskiis
3920985,plakat
4043375,plakat
2757069,foto
2078519,fotonegatiiv
2962329,ajakiri
2282352,noodid
2746749,fotonegatiiv
3186732,pitser/templijäljend
3620500,telegramm
3542016,kavand/joonis/eskiis
3293536,fotonegatiiv
4261195,fotonegatiiv
2336390,arheoloogiline leid
2693624,foto
3575671,kavand/joonis/eskiis
3996843,helisalvestis
2809793,fotonegatiiv
3166207,ajakiri
2315439,arheoloogiline leid
3177234,pitsat
3415473,ajakiri
2913662,foto
3620944,kiri
4040545,plakat
2484769,kava
2311953,kiri
3213460,kavand/joonis/eskiis
4291517,fotonegatiiv
235110,karikatuur
2730100,foto
2050324,foto
3931500,plakat
2708904,foto
2352123,medal
4146639,plakat
2323562,arheoloogiline leid
2053929,foto
2937336,käsikiri
2691246,foto
2092796,kava
2900366,foto
3282426,foto
3766460,kiri
3254086,foto
2507620,fotonegatiiv
3418005,foto
3248335,käsikiri
4105383,"käsikiri, laul/ vokaalmuusika"
2295827,"kiri, postkaart"
205058,karikatuur
204296,"käsikiri, laul/ vokaalmuusika"
2723256,foto
3060146,karikatuur
2330353,arheoloogiline leid
3646034,raamat
4004049,väiketrükis
3580506,kavand/joonis/eskiis
3687885,kavand/joonis/eskiis
3625880,fotonegatiiv
2733356,foto
3533117,kava
2843188,postkaart
2727363,foto
2039020,foto
3192558,käsikiri
3542879,foto
3193466,käsikiri
4104751,kiri
3328551,fotonegatiiv
3389147,graafika
2095890,kava
3778168,graafika
3921781,plakat
2047287,foto
4294466,fotonegatiiv
4082880,plakat
4078172,plakat
3124049,foto
3182071,postkaart
2934603,foto
1762514,diapositiiv
3437375,dokument
2324011,arheoloogiline leid
205653,"käsikiri, laul/ vokaalmuusika"
2544048,foto
1459080,kava
3381473,foto
3955569,kiri
4101026,plakat
4098880,foto
2050778,foto
2573490,dokument
3378655,foto
2323120,arheoloogiline leid
2705705,foto
4029228,digitaalne kujutis
3245937,ehe
3587333,kutse
3383739,kava
2043172,foto
2744039,fotonegatiiv
2769193,fotonegatiiv
2876213,kalender
3659791,ajaleht
2739812,foto
1877083,dokument
3626370,kavand/joonis/eskiis
3627658,postkaart
2157619,kiri
3527617,kavand/joonis/eskiis
3396331,foto
2331919,arheoloogiline leid
2808573,fotonegatiiv
3097692,noodid
3699778,raamat
2734137,foto
3951479,foto
2052481,foto
2320907,arheoloogiline leid
3949080,postkaart
3856057,foto
2792222,fotonegatiiv
3251965,fotonegatiiv
3941201,dokument
4015050,väiketrükis
3508974,kavand/joonis/eskiis
3748720,joonistus
4086574,fotonegatiiv
4091524,plakat
4028824,digitaalne kujutis
2407447,fotonegatiiv
2296918,foto
4078193,käsikiri
2511440,münt
2150284,"käsikiri, laul/ vokaalmuusika"
3579284,digitaalne kujutis
2330028,arheoloogiline leid
2107585,pitser/templijäljend
2433895,raamat
2827479,fotonegatiiv
2521683,münt
1916667,foto
3280059,foto
1460558,kava
4062814,käsikiri
3340226,väiketrükis
2114093,noodid
3679860,kavand/joonis/eskiis
3845318,foto
2799927,fotonegatiiv
2773028,fotonegatiiv
2696606,foto
3330433,foto
1878926,fotonegatiiv
2694384,foto
4049204,ajakiri
2066543,foto
3275301,raamat
3604683,kiri
2806726,fotonegatiiv
3852329,foto
2035806,foto
2551100,kiri
3604387,foto
3450784,kavand/joonis/eskiis
3209187,fotonegatiiv
3956416,käsikiri
2800013,graafika
2071162,foto
3698371,skulptuur
2510556,münt
3774373,fotonegatiiv
2624390,raamat
2730556,foto
3311618,kavand/joonis/eskiis
2746638,fotonegatiiv
3070274,plakat
4098681,plakat
3391824,foto
2076830,fotonegatiiv
2800757,fotonegatiiv
2328479,arheoloogiline leid
2780421,plakat
3224388,postkaart
3437243,silt/märk
2797604,fotonegatiiv
2647015,foto
3526668,kavand/joonis/eskiis
2604300,ehe
3349704,plakat
2324636,arheoloogiline leid
234675,lint/pael
2804935,dokument
2077484,fotonegatiiv
2313047,arheoloogiline leid
2981693,foto
3527520,kavand/joonis/eskiis
3057987,plakat
3146778,pitser/templijäljend
2126649,nõu/anum
2388554,raamat
2736887,foto
3866289,trükinoot
3116434,kiri
2803820,fotonegatiiv
2592125,foto
2049954,foto
3485902,dokument
2769358,fotonegatiiv
3712438,foto
2689225,"foto, postkaart"
2268096,dokument
3696556,kavand/joonis/eskiis
4261444,fotonegatiiv
3182308,postkaart
2314041,arheoloogiline leid
3996748,"käsikiri, muusikateos"
2920185,kavand/joonis/eskiis
3405169,foto
2316738,arheoloogiline leid
2832547,fotonegatiiv
3274120,graafika
3850379,foto
3085318,album
3612339,kava
2049642,foto
2068559,foto
3574497,dokument
3046931,plakat
2720949,foto
2934614,foto
2076990,fotonegatiiv
2573601,foto
2067279,foto
3221144,pitsat
3341508,noodid
3985941,raamat
2701449,raamat
4298756,plakat
3901123,raamat
2694328,foto
4089227,fotonegatiiv
2764085,fotonegatiiv
4278553,dokument
2981713,raamat
2059917,foto
3694118,foto
2980264,foto
2325731,arheoloogiline leid
3668232,telegramm
2328991,arheoloogiline leid
3143834,pitser/templijäljend
3603634,kavand/joonis/eskiis
2798351,fotonegatiiv
3388227,foto
2509396,foto
2760918,fotonegatiiv
3148599,pitser/templijäljend
2078208,fotonegatiiv
2038471,"foto, postkaart"
4294492,fotonegatiiv
2794858,fotonegatiiv
2718243,foto
2789090,fotonegatiiv
2814655,fotonegatiiv
3629141,fotonegatiiv
3914595,kiri
3910700,plakat
2037826,album
3949322,käsikiri
4112850,plakat
2320050,arheoloogiline leid
1928960,pitser/templijäljend
2777390,fotonegatiiv
2805311,fotonegatiiv
4122198,plakat
2807384,fotonegatiiv
2726395,foto
3182645,kutse
4260528,fotonegatiiv
3330083,fotonegatiiv
3196597,kavand/joonis/eskiis
3997752,foto
4311150,foto
3430983,kiri
2168274,fotonegatiiv
2048094,foto
3182784,kutse
2741854,foto
3083523,plakat
1888599,noodid
4090143,fotonegatiiv
2774168,fotonegatiiv
3928952,plakat
3275680,raamat
3973666,telegramm
3830487,foto
3516498,kiri
2040320,foto
196562,käsikiri
3371424,foto
3608929,kavand/joonis/eskiis
3517738,kavand/joonis/eskiis
3029041,plakat
2486873,foto
3671927,kavand/joonis/eskiis
2737371,foto
2059368,foto
2828263,fotonegatiiv
216166,plakat
3559028,foto
3651395,kavand/joonis/eskiis
3694551,kavand/joonis/eskiis
2737247,foto
4014338,"käsikiri, muusikateos"
2248775,kavand/joonis/eskiis
3344258,noodid
2067055,foto
2320505,arheoloogiline leid
3279175,postkaart
237473,käsikiri
3018032,fotonegatiiv
3187644,pitser/templijäljend
4089357,fotonegatiiv
2351041,medal
2356227,kalender
3511105,kavand/joonis/eskiis
2332613,arheoloogiline leid
4215257,"käsikiri, laul/ vokaalmuusika"
4102650,plakat
4102620,foto
3014166,foto
3359847,"käsikiri, noodid"
2353579,medal
2404930,foto
4148827,plakat
4085320,fotonegatiiv
3852277,foto
2753921,foto
2820108,fotonegatiiv
2722121,foto
3843156,graafika
2044294,foto
2264527,kava
2774161,fotonegatiiv
3930664,foto
3390219,kavand/joonis/eskiis
3840406,fotonegatiiv
4319139,dokument
1312237,foto
3507482,kiri
1345023,foto
1309925,foto
2783039,plakat
2036692,foto
3956023,raamat
2032876,käsikiri
4067319,ajaleht
3683259,kavand/joonis/eskiis
2771700,fotonegatiiv
3628118,kiri
4163136,"käsikiri, laul/ vokaalmuusika"
2327964,arheoloogiline leid
237430,maal
2590026,"foto, postkaart"
222705,fotonegatiiv
3655965,album
3775437,fotonegatiiv
2034056,foto
3146893,foto
2077310,fotonegatiiv
3180936,foto
2069482,foto
4050684,"käsikiri, laul/ vokaalmuusika"
1126013,fotonegatiiv
2747616,raamat
3758461,foto
3620459,telegramm
3433375,foto
2326676,arheoloogiline leid
2079973,fotonegatiiv
3347797,noodid
2768615,fotonegatiiv
2044233,foto
2043289,foto
3186932,pitser/templijäljend
4278080,plakat
3694489,raamat
2491529,foto
2055646,foto
3316948,kiri
3080603,digitaalne kujutis
3667357,foto
3378402,foto
4294785,fotonegatiiv
3844738,raamat
4285022,plakat
396343,foto
4050119,ajakiri
2753811,kavand/joonis/eskiis
3593035,foto
3307699,raamat
3809189,foto
2332223,arheoloogiline leid
2802224,fotonegatiiv
3926919,kiri
2910490,telegramm
2155339,foto
2322249,arheoloogiline leid
2695415,foto
4150477,"käsikiri, laul/ vokaalmuusika"
2351287,medal
2055307,foto
3489810,fotonegatiiv
3580648,kavand/joonis/eskiis
2950816,ajakiri
4034108,kavand/joonis/eskiis
3082230,raamat
3240373,käsikiri
2727445,foto
2705663,foto
2906643,telegramm
1992479,fotonegatiiv
3211428,fotonegatiiv
2734097,foto
3540701,foto
4030253,digitaalne kujutis
3509029,kavand/joonis/eskiis
1257634,ajakiri
2778570,fotonegatiiv
2733918,foto
3280083,raamat
2748182,fotonegatiiv
3056639,raamat
3693159,foto
2092925,noodid
3482656,kava
3775862,fotonegatiiv
3554549,käsikiri
2325078,arheoloogiline leid
399551,foto
3165012,joonistus
204776,kavand/joonis/eskiis
3371460,foto
3910727,kiri
3845372,telegramm
2657488,fotonegatiiv
3893683,käsikiri
4081817,foto
2810375,fotonegatiiv
4100076,käsikiri
2735944,foto
2561384,foto
2322304,arheoloogiline leid
2865399,foto
3867418,foto
3856107,foto
3623084,kavand/joonis/eskiis
3173001,kava
3420866,graafika
3624103,raamat
4131307,plakat
1458878,lina/linik
2064985,foto
3639341,foto
2301140,foto
2997687,noodid
4306123,dokument
4028753,digitaalne kujutis
3393228,foto
3164763,joonistus
3348633,foto
2553010,ajaleht
1617070,foto
2020874,kava
4063300,käsikiri
2913705,käsikiri
3371718,foto
2405965,fotonegatiiv
3382681,märkmed
3709519,foto
3632842,fotonegatiiv
2407821,fotonegatiiv
4308882,dokument
2772924,fotonegatiiv
3981654,raamat
2804235,fotonegatiiv
2731965,foto
1921039,raamat
2314039,arheoloogiline leid
3920369,foto
3031011,kiri
2739712,foto
3345841,väiketrükis
2069632,foto
3671653,telegramm
3383789,foto
2653465,fotonegatiiv
4101479,foto
3709643,kavand/joonis/eskiis
2053303,foto
2071405,foto
2040168,foto
3077714,kiri
3844967,foto
3765826,postkaart
2761900,fotonegatiiv
2849082,foto
2730264,foto
3585722,digitaalne kujutis
2057404,foto
3327691,muusikainstrument
2827522,fotonegatiiv
2034711,foto
1915918,foto
1872743,album
2690702,foto
3686036,kavand/joonis/eskiis
2043971,foto
3534525,kavand/joonis/eskiis
2071398,foto
2658597,foto
2316727,arheoloogiline leid
2826080,fotonegatiiv
2935268,foto
3559574,foto
4092218,helisalvestis
2035257,foto
2080404,fotonegatiiv
2075437,fotonegatiiv
4170843,raamat
3435409,foto
2538551,fotonegatiiv
2719149,foto
2772524,fotonegatiiv
3048373,kiri
3208504,käsikiri
3475368,foto
2036584,foto
3713423,kava
4014947,paber
3732750,graafika
2061613,foto
2323251,arheoloogiline leid
3215879,käsikiri
1254350,dokument
3775506,fotonegatiiv
2270650,noodid
3156192,käsikiri
3211553,pitser/templijäljend
3504844,kleit
3020330,väiketrükis
3449672,kavand/joonis/eskiis
2547459,noodid
2054561,foto
2831181,fotonegatiiv
2743782,foto
2737692,foto
2315606,arheoloogiline leid
465361,fotonegatiiv
3582436,kavand/joonis/eskiis
1800578,kutse
2321416,arheoloogiline leid
3169797,käsikiri
1063432,fotomaterjal
2240341,kiri
3648168,graafika
2056051,foto
3723379,kavand/joonis/eskiis
213191,kavand/joonis/eskiis
1964569,diapositiiv
3332595,kava
3377363,album
2475383,raamat
3712004,kavand/joonis/eskiis
2159699,kiri
3535182,ajakiri
380722,digitaalne kujutis
3680163,kavand/joonis/eskiis
3751793,joonistus
2541040,kava
2059291,foto
2313382,arheoloogiline leid
3197260,digitaalne kujutis
2068054,foto
4122343,dokument
2064502,foto
4262027,fotonegatiiv
4249889,kavand/joonis/eskiis
3489167,ajaleht
2068464,foto
3987460,kava
2934877,foto
3627448,kavand/joonis/eskiis
2079237,fotonegatiiv
2701302,väiketrükis
237308,skulptuur
216903,plakat
2067161,foto
3414105,foto
2722748,foto
2916893,dokument
4299242,fotonegatiiv
3575027,ajaleht
2732298,foto
3019963,fotonegatiiv
3340026,muusikainstrument
3934449,graafika
4119895,plakat
1833530,dokument
3380351,foto
3694582,kavand/joonis/eskiis
2978491,raamat
2057284,foto
4226469,münt
3909238,raamat
2813031,fotonegatiiv
3058775,plakat
3283061,fotonegatiiv
3612078,kiri
2806597,fotonegatiiv
3778948,plakat
2772032,fotonegatiiv
3308079,raamat
2407005,fotonegatiiv
2539347,"foto, postkaart"
3966586,käsikiri
3991569,foto
3219411,pitsat
2346637,käsikiri
3371340,foto
195734,"käsikiri, laul/ vokaalmuusika"
1865560,noodid
2313508,arheoloogiline leid
2093737,diapositiiv
3936263,foto
2617084,graafika
3184240,käsikiri
2236507,kava
3064173,raamat
3996374,"käsikiri, muusikateos"
2841713,kava
3139365,käsikiri
2728705,foto
2031689,tunnistus
2065817,foto
4028766,digitaalne kujutis
3429990,kiri
2407573,fotonegatiiv
235602,karikatuur
2084372,diapositiiv
3591272,foto
2805055,fotonegatiiv
2096186,kava
2774182,fotonegatiiv
3628111,kiri
4169970,raamat
3635045,kiri
2327029,arheoloogiline leid
2332428,arheoloogiline leid
2037321,foto
2531023,foto
3357189,kava
2736059,foto
2041176,foto
2078979,fotonegatiiv
4043770,käsikiri
3919877,plakat
3152482,kavand/joonis/eskiis
4088914,fotonegatiiv
4042043,foto
3582760,dokument
3978065,ajaleht
3120777,foto
2821907,fotonegatiiv
3637243,foto
2628393,raamat
2174204,kava
2564592,raamat
2724972,foto
2048791,foto
2736163,foto
3720992,raamat
3620599,telegramm
2047062,foto
4079043,käsikiri
195813,"käsikiri, laul/ vokaalmuusika"
2080600,fotonegatiiv
3693399,fotonegatiiv
3710128,kavand/joonis/eskiis
2402525,raamat
2834895,foto
2486608,foto
3659597,kavand/joonis/eskiis
4024936,raamat
3701012,kavand/joonis/eskiis
3860557,foto
2774067,fotonegatiiv
3391797,foto
2461930,väiketrükis
2708885,foto
2512006,münt
3687242,kavand/joonis/eskiis
2068358,foto
3493641,kiri
4108548,plakat
3944206,foto
2975958,kava
3696265,foto
2709109,foto
1566242,ajakiri
2746408,fotonegatiiv
3844997,foto
2810374,fotonegatiiv
2844151,foto
4295288,fotonegatiiv
3143480,pitser/templijäljend
2407027,fotonegatiiv
2748389,fotonegatiiv
2328882,arheoloogiline leid
4299054,fotonegatiiv
2044946,foto
3333130,kava
3538818,foto
4102993,kava
2256890,noodid
2797790,fotonegatiiv
3941185,dokument
203330,"käsikiri, laul/ vokaalmuusika"
3535381,münt
2708535,foto
3695402,foto
4085513,fotonegatiiv
2812777,graafika
3164703,kava
4137973,dokument
3422518,foto
3950035,foto
4095482,plakat
229228,"käsikiri, laul/ vokaalmuusika"
3240170,kava
3160157,kava
2067480,foto
3239526,käsikiri
3539986,foto
2762541,fotonegatiiv
2059683,foto
2925799,kavand/joonis/eskiis
4041115,helisalvestis
3387896,foto
228492,kavand/joonis/eskiis
2529296,münt
2078869,fotonegatiiv
236398,graafika
1253503,foto
2803544,fotonegatiiv
4063358,käsikiri
2047322,foto
3006932,foto
2566187,dokument
3086589,plakat
2809467,fotonegatiiv
2075703,fotonegatiiv
3060733,fotonegatiiv
2706071,fotonegatiiv
2148565,käsikiri
3335520,digitaalne kujutis
3292847,kiri
3666451,foto
3188674,pitser/templijäljend
2791257,fotonegatiiv
2052516,foto
2293727,"kiri, postkaart"
3867798,kava
2048177,foto
3555760,kavand/joonis/eskiis
3651440,kavand/joonis/eskiis
2352549,medal
1975315,fotonegatiiv
2556606,kiri
2509234,foto
3720610,joonistus
2054657,foto
2072032,foto
2059256,foto
3413957,foto
3448755,foto
2327076,arheoloogiline leid
2904392,kutse
3523687,kiri
3166111,pitser/templijäljend
394188,foto
2327478,arheoloogiline leid
2065594,foto
2324574,arheoloogiline leid
2526447,münt
2503169,maal
200484,"käsikiri, muusikateos"
3394756,foto
3664156,kiri
2316634,arheoloogiline leid
2531708,foto
2720560,foto
3629038,fotonegatiiv
2511359,münt
2220642,foto
3927717,plakat
2728207,foto
2068038,foto
2048673,foto
1916526,foto
3627263,ajaleht
3609429,kavand/joonis/eskiis
2512770,münt
2407683,fotonegatiiv
3219117,pitsat
3995424,väiketrükis
3773315,raamat
3697576,kavand/joonis/eskiis
2778806,fotonegatiiv
2391310,pitser/templijäljend
3413249,digitaalne kujutis
3914667,helisalvestis
4115019,raamat
2758739,plakat
3132444,käsikiri
2746107,fotonegatiiv
3525178,kiri
4078626,helisalvestis
3615327,foto
200694,käsikiri
3670537,telegramm
4085896,fotonegatiiv
3165952,pitser/templijäljend
1776305,foto
2764352,fotonegatiiv
2837654,plakat
3574541,dokument
2324201,arheoloogiline leid
2795506,fotonegatiiv
4147756,foto
2723189,foto
2730704,foto
3223632,kava
2767578,fotonegatiiv
2070603,foto
1120298,kavand/joonis/eskiis
3403199,ajaleht
2996200,aukiri/auaadress
3935668,helisalvestis
2058812,foto
3359762,"käsikiri, noodid"
2512428,münt
2778796,fotonegatiiv
2511975,münt
3202694,pitser/templijäljend
3247117,noodid
2080407,fotonegatiiv
2060817,foto
2328190,arheoloogiline leid
2386705,kava
2538421,fotonegatiiv
3652389,käsikiri
2865761,foto
3833301,fotonegatiiv
2067422,foto
2057798,foto
3732192,foto
2796472,kava
3197147,digitaalne kujutis
3198494,kiri
2774358,pitser/templijäljend
2949453,foto
2312522,arheoloogiline leid
2708279,foto
3637117,kiri
3653636,foto
2045658,foto
2007689,kava
2826489,fotonegatiiv
3930864,foto
3063365,skulptuur
2285674,fotonegatiiv
2728053,foto
2068326,foto
2455890,foto
2773025,fotonegatiiv
2274854,kavand/joonis/eskiis
4261212,fotonegatiiv
3437814,postkaart
2076510,fotonegatiiv
2080381,fotonegatiiv
3350576,kava
2071837,foto
3342743,kavand/joonis/eskiis
3451773,plakat
2781504,fotonegatiiv
2329493,arheoloogiline leid
3421306,foto
2063837,foto
2934998,foto
3029951,foto
3925549,plakat
1885470,fotonegatiiv
3673518,foto
1613505,foto
3358810,kava
2718579,foto
4260774,fotonegatiiv
2073075,fotonegatiiv
3987292,kava
4000156,foto
4283603,plakat
2076409,fotonegatiiv
2990255,dokument
4271326,dokument
3180252,käsikiri
1920096,noodid
3200511,pitser/templijäljend
3402896,foto
4289737,plakat
2578367,kiri
3538796,foto
2131177,kava
2449315,kava
2708366,foto
3664858,kavand/joonis/eskiis
232615,käsikiri
2335828,arheoloogiline leid
2808345,fotonegatiiv
2807006,fotonegatiiv
2047070,foto
3678671,kiri
2801741,fotonegatiiv
2539065,fotonegatiiv
2807387,fotonegatiiv
2836871,raamat
2698206,foto
2786717,plakat
3673117,foto
2405313,fotonegatiiv
4282596,dokument
3840199,fotonegatiiv
2291596,"kiri, postkaart"
3363979,kava
3852436,dokument
2077853,fotonegatiiv
4028985,digitaalne kujutis
3420082,graafika
2037821,foto
3338074,fotonegatiiv
3402781,foto
2724412,foto
2745010,fotonegatiiv
3297262,kiri
3348114,foto
3911209,kava
2009677,noodid
2802233,fotonegatiiv
2726613,foto
3275815,foto
2903178,kutse
4260742,fotonegatiiv
2832492,fotonegatiiv
3622556,foto
3917160,raamat
2783696,fotonegatiiv
2776770,fotonegatiiv
3624364,foto
2826009,fotonegatiiv
3630593,kutse
3721212,raamat
3171779,käsikiri
3602323,kiri
2040954,foto
2994275,kava
1608072,dokument
2510828,münt
1909296,fotonegatiiv
2047434,foto
3243458,käsikiri
2618016,kava
3201460,pitser/templijäljend
2522191,münt
2126823,ajakiri
2068100,foto
3942859,raamat
3966770,käsikiri
3760878,joonistus
2755420,dokument
3512867,kavand/joonis/eskiis
4041170,käsikiri
3485543,kavand/joonis/eskiis
4282429,dokument
3095686,digitaalne kujutis
2061094,foto
2721178,foto
2733530,foto
3523623,kava
3140435,kiri
2042005,foto
3314076,kiri
2271448,noodid
4207022,plakat
3775542,fotonegatiiv
221161,foto
2818760,fotonegatiiv
4260595,fotonegatiiv
2762188,fotonegatiiv
2074686,fotonegatiiv
2742537,fotonegatiiv
2717363,foto
3437804,postkaart
2694314,foto
4098996,plakat
3856149,foto
3773142,kiri
2197804,foto
4091076,foto
2038909,foto
3134219,käsikiri
2708182,foto
3181122,foto
4229227,plakat
2774666,fotonegatiiv
2675277,dokument
2320552,arheoloogiline leid
2569606,foto
2055954,foto
2570430,foto
2328933,arheoloogiline leid
2020830,kava
3833228,fotonegatiiv
4095485,plakat
2522790,münt
2338453,plakat
2722313,foto
2728954,foto
2869299,"foto, postkaart"
4090374,postkaart
3638787,kiri
2180500,kava
3852263,foto
3628810,kavand/joonis/eskiis
3367398,foto
3545620,dokument
3994801,käsikiri
1811482,dokument
2744084,fotonegatiiv
2053467,foto
3683077,fotonegatiiv
2035147,foto
1363103,kleit
2345582,foto
3449051,foto
2867713,kava
2538320,fotonegatiiv
4299239,fotonegatiiv
2045981,foto
3585686,digitaalne kujutis
2048802,foto
397618,foto
2039334,foto
2808549,fotonegatiiv
2760902,fotonegatiiv
2316141,arheoloogiline leid
2041097,foto
1853366,noodid
2362172,raamat
3381645,foto
3694595,kavand/joonis/eskiis
2328659,arheoloogiline leid
2170343,fotonegatiiv
3219465,fotonegatiiv
3634420,kiri
4029193,digitaalne kujutis
1971943,plakat
4301525,plakat
4121992,helisalvestis
2511415,münt
1806854,diapositiiv
2784405,kava
2137887,fotonegatiiv
3996948,plakat
2553927,foto
2793196,fotonegatiiv
3037120,plakat
3676092,kavand/joonis/eskiis
3763654,käsikiri
4095133,plakat
1858174,kava
2779161,pitser/templijäljend
2323242,arheoloogiline leid
2510358,münt
2326145,arheoloogiline leid
2756469,foto
3028112,kiri
3693983,kavand/joonis/eskiis
2033796,foto
2432813,kava
2079332,fotonegatiiv
3068220,plakat
2828566,fotonegatiiv
3852691,foto
2621345,foto
4271978,dokument
2048465,foto
3027775,foto
3341102,kava
3100451,kavand/joonis/eskiis
2056774,foto
4042756,postkaart
3633745,arheoloogiline leid
2740792,foto
3833179,fotonegatiiv
2065921,foto
3690735,kavand/joonis/eskiis
2934538,foto
3632355,fotonegatiiv
2758886,plakat
2335548,arheoloogiline leid
3590952,kiri
4126592,käsikiri
2960944,foto
2867095,foto
2812246,fotonegatiiv
2947959,kiri
3941217,kavand/joonis/eskiis
2474081,foto
205100,"käsikiri, laul/ vokaalmuusika"
2980163,graafika
2512824,münt
2038153,album
3649597,foto
3663639,kavand/joonis/eskiis
3449685,plakat
3523151,kava
2318699,arheoloogiline leid
2162646,kava
2729356,foto
3687722,kavand/joonis/eskiis
3335501,digitaalne kujutis
2538813,fotonegatiiv
3775970,fotonegatiiv
3617900,fotonegatiiv
2620337,väiketrükis
3367625,kava
2939913,kiri
2727073,foto
3696573,graafika
2779948,fotonegatiiv
3674274,kavand/joonis/eskiis
3165550,pitser/templijäljend
4282571,raamat
2257639,noodid
3357197,kava
3260880,digitaalne kujutis
2320889,arheoloogiline leid
1992435,fotonegatiiv
3645217,kavand/joonis/eskiis
222944,plakat
4082782,plakat
2591704,kiri
2384444,dokument
4215529,plakat
2316817,arheoloogiline leid
2763251,fotonegatiiv
3933787,raamat
214548,silt/märk
2762622,fotonegatiiv
2051085,foto
2034557,foto
2512203,münt
2491466,foto
2668036,raamat
2705523,fotonegatiiv
3986664,raamat
3200697,pitser/templijäljend
2793399,fotonegatiiv
3592684,foto
2769074,fotonegatiiv
2525053,münt
2065879,foto
3513454,kavand/joonis/eskiis
2045261,foto
2067757,foto
3230502,postkaart
222662,plakat
3417343,käsikiri
4017953,"käsikiri, muusikateos"
2706186,fotonegatiiv
3223063,käsikiri
2044899,foto
2447727,foto
2075502,fotonegatiiv
4300426,fotonegatiiv
2474835,kava
197349,käsikiri
3687524,graafika
3608474,dokument
2763657,fotonegatiiv
2076394,fotonegatiiv
3231338,postkaart
1830379,noodid
2838857,foto
3198240,kiri
3250119,foto
2651521,fotonegatiiv
3687630,raamat
3018978,fotonegatiiv
1580338,plakat
4260393,dokument
3523762,kiri
3372421,foto
3275685,kavand/joonis/eskiis
3527412,postkaart
4260962,fotonegatiiv
225822,karikatuur
4033990,aukiri/auaadress
3253845,kiri
2991705,kavand/joonis/eskiis
4063676,"käsikiri, laul/ vokaalmuusika"
2476656,graafika
2352787,medal
3508626,kava
2797513,fotonegatiiv
3194669,dokument
2333827,arheoloogiline leid
3611649,kiri
4049455,ajakiri
4030471,digitaalne kujutis
3775863,fotonegatiiv
2825770,fotonegatiiv
3202128,pitser/templijäljend
2330680,arheoloogiline leid
3764572,raamat
2345574,foto
2447992,kiri
2799907,fotonegatiiv
2487783,foto
3459529,plakat
1869913,väiketrükis
3580561,kavand/joonis/eskiis
3054874,plakat
3542017,kavand/joonis/eskiis
2650403,raamat
2754899,dokument
4215612,plakat
2650432,foto
4107511,foto
3491935,kiri
3254348,foto
2136550,kava
3664868,kavand/joonis/eskiis
4076843,foto
3941460,käsikiri
1185365,fotomaterjal
1920188,noodid
3526667,kavand/joonis/eskiis
2185551,käsikiri
3215830,käsikiri
4049606,ajakiri
2065182,foto
2324537,arheoloogiline leid
3180866,foto
4049610,ajakiri
3954623,raamat
2724248,foto
3422410,foto
2058407,foto
3695160,kavand/joonis/eskiis
3168851,kava
2480752,foto
2079949,fotonegatiiv
3063134,plakat
3222516,postkaart
3877590,raamat
4215423,plakat
3319210,noodid
198694,"käsikiri, laul/ vokaalmuusika"
3540998,foto
2045418,foto
3092124,karikatuur
2035485,foto
2048745,fotonegatiiv
3079001,plakat
3588283,foto
3199876,kiri
3195788,kavand/joonis/eskiis
2040290,album
2076423,fotonegatiiv
2779866,fotonegatiiv
3378515,foto
2529306,münt
2317273,arheoloogiline leid
2052752,foto
3941642,raamat
1612720,noodid
4295786,fotonegatiiv
3271246,kutse
3482567,dokument
2738967,foto
2725660,foto
4030592,digitaalne kujutis
2491422,foto
2782014,fotonegatiiv
3850636,kiri
2346855,foto
1637399,noodid
3912175,plakat
202858,käsikiri
2036201,foto
3435466,foto
197585,"käsikiri, muusikateos"
4046433,käsikiri
3069847,karikatuur
2044685,foto
4112873,"käsikiri, laul/ vokaalmuusika"
2040898,foto
207814,käsikiri
2036466,foto
2807925,kalender
2788468,fotonegatiiv
3874316,kava
2935203,foto
2311548,paber
2120116,kava
3300189,raamat
3920293,foto
216494,foto
3197406,plakat
3679077,foto
4118746,plakat
2325482,arheoloogiline leid
4103739,plakat
2316116,arheoloogiline leid
3403016,dokument
3393627,foto
3187810,pitser/templijäljend
2721001,foto
3942042,graafika
2832351,fotonegatiiv
2318625,arheoloogiline leid
3135949,käsikiri
3581550,kavand/joonis/eskiis
4229052,plakat
2060231,foto
3931508,plakat
3509168,kiri
4097377,helisalvestis
2296886,foto
4123386,kiri
4123152,helisalvestis
3658958,kavand/joonis/eskiis
3583596,ajaleht
3901213,raamat
227536,kavand/joonis/eskiis
3346060,graafika
2168187,kiri
2450930,foto
2333157,arheoloogiline leid
2953909,kiri
2040108,foto
3183393,pitser/templijäljend
3165426,raamat
2570394,foto
3832693,fotonegatiiv
3826700,foto
2748113,fotonegatiiv
3582254,kavand/joonis/eskiis
3073667,digitaalne kujutis
3430429,foto
2067791,foto
2455223,foto
3492840,foto
2072711,fotonegatiiv
2538913,fotonegatiiv
2057135,foto
2272798,kavand/joonis/eskiis
2335228,arheoloogiline leid
3119418,dokument
2726260,foto
1318526,foto
205001,"käsikiri, muusikateos"
1153959,fotomaterjal
2036687,foto
2785081,fotonegatiiv
2799375,ajaleht
2321595,arheoloogiline leid
2473115,foto
2323901,arheoloogiline leid
2025779,kava
3340687,graafika
2098855,kava
3620384,fotonegatiiv
2055982,foto
3765937,dokument
2935036,foto
2531618,foto
2047061,foto
2615583,dokument
3609435,kavand/joonis/eskiis
2615765,dokument
4303284,münt
3534999,dokument
3988038,plakat
2335311,arheoloogiline leid
2315635,arheoloogiline leid
2054123,foto
2735360,foto
2712121,postkaart
3182302,postkaart
2825311,fotonegatiiv
2804174,fotonegatiiv
3435414,foto
3160372,käsikiri
2756962,plakat
2101293,käsikiri
1683355,foto
2058839,foto
2045992,foto
4179548,"käsikiri, laul/ vokaalmuusika"
3929236,foto
214670,plakat
2567245,dokument
2714318,foto
2775918,plakat
2798895,fotonegatiiv
2122054,kava
2660096,fotonegatiiv
2045851,postkaart
3924979,foto
2314786,arheoloogiline leid
2137872,fotonegatiiv
2067584,foto
2080969,fotonegatiiv
4029229,digitaalne kujutis
3580918,kavand/joonis/eskiis
3777929,kava
3688516,kava
3775550,fotonegatiiv
2565817,foto
3696994,foto
2047008,foto
2040917,foto
235617,karikatuur
1810010,dokument
2335706,arheoloogiline leid
4125096,plakat
3615172,kavand/joonis/eskiis
2746613,fotonegatiiv
3555463,foto
2346893,foto
3045182,raamat
2764958,fotonegatiiv
2522040,münt
396739,album
3954730,helisalvestis
3366547,foto
2696437,foto
2742013,fotonegatiiv
2064969,foto
3665271,foto
3318763,noodid
2780287,fotonegatiiv
2183580,dokument
2516665,foto
2705972,fotonegatiiv
4206246,plakat
4238368,foto
3057892,plakat
3127572,ehe
4083835,plakat
2322191,arheoloogiline leid
3901878,kava
3834006,graafika
3335022,fotonegatiiv
4164509,foto
2914996,kavand/joonis/eskiis
3626688,kavand/joonis/eskiis
417432,ehe
2820970,fotonegatiiv
3179631,käsikiri
1996857,fotonegatiiv
4258519,kavand/joonis/eskiis
2781975,foto
3982499,raamat
3489623,digitaalne kujutis
2034680,foto
2158755,kiri
4049800,ajakiri
3509203,kavand/joonis/eskiis
2779854,fotonegatiiv
3580114,dokument
2059321,foto
2056063,foto
3840194,fotonegatiiv
3543396,kava
3317463,noodid
2312435,arheoloogiline leid
2335204,arheoloogiline leid
3765886,kiri
2565130,fotonegatiiv
2334338,arheoloogiline leid
3193701,nõu/anum
2333641,arheoloogiline leid
3865238,foto
3541898,foto
2866137,kava
3695293,kavand/joonis/eskiis
2736161,foto
2050193,foto
4148994,nõu/anum
2320088,arheoloogiline leid
3195787,kavand/joonis/eskiis
3574327,dokument
2312452,arheoloogiline leid
2063364,foto
2331738,arheoloogiline leid
2318396,arheoloogiline leid
3540152,foto
4148899,nõu/anum
3316949,foto
3083778,foto
2806727,fotonegatiiv
3014018,fotonegatiiv
391858,ajakiri
2033620,foto
2324632,arheoloogiline leid
2447475,kaustik/vihik
3265349,märkmed
4063239,"käsikiri, laul/ vokaalmuusika"
2982368,fotonegatiiv
2798375,fotonegatiiv
3201431,pitser/templijäljend
3679370,kavand/joonis/eskiis
1455756,plakat
2709794,kava
2727447,foto
2510837,münt
2323641,arheoloogiline leid
3603484,ajaleht
1282260,plakat
3576816,ajaleht
4095231,plakat
2657702,fotonegatiiv
2785360,fotonegatiiv
2334764,arheoloogiline leid
4316496,silt/märk
3211692,fotonegatiiv
3322878,kiri
2706020,kava
4028555,digitaalne kujutis
2772371,fotonegatiiv
3394606,kava
2772279,fotonegatiiv
2077477,fotonegatiiv
2016883,ajakiri
2796765,fotonegatiiv
2054992,foto
3687218,kavand/joonis/eskiis
3007601,foto
2326555,arheoloogiline leid
3867502,kava
3867218,graafika
2049133,foto
1395173,digitaalne kujutis
3307837,raamat
3674579,käsikiri
3628603,kavand/joonis/eskiis
2038780,foto
3632195,kiri
2266990,foto
3422247,foto
2798020,kava
2197564,kutse
2897012,kava
3730502,joonistus
2521336,münt
3346750,foto
3654557,foto
3908673,dokument
2078022,fotonegatiiv
2352738,medal
2065667,foto
2761711,fotonegatiiv
3655797,kavand/joonis/eskiis
3705058,foto
2320049,arheoloogiline leid
4120042,plakat
4030427,digitaalne kujutis
2978046,foto
2046156,foto
1908663,fotonegatiiv
2806772,fotonegatiiv
3275919,foto
3012398,nõu/anum
2885121,kava
2038919,foto
2737246,raamat
2318198,arheoloogiline leid
2141362,"käsikiri, laul/ vokaalmuusika"
2039708,foto
2781957,fotonegatiiv
4088084,kavand/joonis/eskiis
3829339,foto
3946964,raamat
3861931,foto
3401953,foto
2516627,foto
2944181,ehe
3775329,foto
4042847,postkaart
1414592,foto
3910429,raamat
4046068,käsikiri
2511658,münt
2075936,fotonegatiiv
2775229,dokument
2794974,fotonegatiiv
3312818,raamat
2042305,foto
2562597,dokument
3035974,plakat
3781440,foto
3314623,plakat
3574915,ajaleht
2782660,pitser/templijäljend
2716631,foto
3710565,kavand/joonis/eskiis
3900179,kava
3929122,plakat
3536386,foto
3973660,"käsikiri, muusikateos"
3695162,kavand/joonis/eskiis
4296418,fotonegatiiv
2569424,foto
3156448,fotonegatiiv
3579506,digitaalne kujutis
3172025,käsikiri
2041353,foto
3949732,käsikiri
4259700,helisalvestis
3180263,käsikiri
2075653,fotonegatiiv
2331299,arheoloogiline leid
3867239,kiri
3559591,foto
2319068,arheoloogiline leid
3225711,käsikiri
3899882,plakat
4123772,"käsikiri, muusikateos"
2706270,fotonegatiiv
3244433,käsikiri
3307028,joonistus
4291752,fotonegatiiv
2068631,foto
204519,"käsikiri, laul/ vokaalmuusika"
2396749,foto
3576818,kava
1608582,foto
3177090,kava
3300989,kavand/joonis/eskiis
4044816,käsikiri
2728514,foto
3430424,foto
3209207,foto
3627626,kiri
3927191,foto
2802173,fotonegatiiv
1848901,raamat
2741343,kavand/joonis/eskiis
4214639,"käsikiri, laul/ vokaalmuusika"
3289176,raamat
2063192,foto
1978954,plakat
2653178,münt
2371611,foto
3309933,kiri
3068413,plakat
2334810,arheoloogiline leid
2197602,kutse
2363125,kiri
216444,plakat
2315628,arheoloogiline leid
2746252,kava
2720413,foto
2774186,fotonegatiiv
2728869,foto
2079863,fotonegatiiv
3039528,fotonegatiiv
3210430,kiri
2351946,medal
4258492,kavand/joonis/eskiis
3383218,joonistus
2072937,fotonegatiiv
3603505,kavand/joonis/eskiis
2068374,foto
2371614,kava
2961995,kiri
4101763,raamat
2804384,fotonegatiiv
3314227,foto
2515202,foto
3683711,kutse
224740,kavand/joonis/eskiis
4066350,raamat
2719927,foto
2394630,kava
2313858,arheoloogiline leid
4296394,fotonegatiiv
3542620,foto
4145558,kalender
2174979,kava
3989876,raamat
2586989,kiri
1978805,fotonegatiiv
4214573,plakat
4029641,"käsikiri, laul/ vokaalmuusika"
3614739,kava
2334007,arheoloogiline leid
3825712,käsikiri
2745466,fotonegatiiv
2965155,foto
2444549,kava
2334890,arheoloogiline leid
4261805,fotonegatiiv
3661161,kava
2314957,arheoloogiline leid
2074925,fotonegatiiv
3682483,foto
2777253,fotonegatiiv
3686708,kavand/joonis/eskiis
3636022,kiri
2731945,kiri
2214763,fotonegatiiv
2800050,fotonegatiiv
3606095,kavand/joonis/eskiis
2327776,arheoloogiline leid
2491737,raamat
3033023,foto
3525684,väiketrükis
2070672,foto
3979633,foto
4311987,helisalvestis
2475054,dokument
2313080,arheoloogiline leid
3612331,kava
2057509,foto
2764468,fotonegatiiv
2491598,foto
1867463,kava
2882241,foto
2069824,foto
2720375,foto
2722159,foto
3211273,fotonegatiiv
3063648,kiri
2325812,arheoloogiline leid
3626786,kavand/joonis/eskiis
2717499,foto
3850898,foto
3252610,foto
2816513,fotonegatiiv
2745605,fotonegatiiv
3749309,dokument
3449815,kavand/joonis/eskiis
2785309,fotonegatiiv
3535920,kava
2050343,foto
2564674,foto
2728984,foto
3334799,foto
1476621,foto
4322252,dokument
3259524,käsikiri
2984269,foto
3866808,joonistus
2647563,dokument
2406018,fotonegatiiv
1893754,kiri
3084653,fotonegatiiv
2400676,raamat
3480059,kavand/joonis/eskiis
3715718,kavand/joonis/eskiis
1978853,fotonegatiiv
3855887,kiri
4048157,"käsikiri, laul/ vokaalmuusika"
3604587,kavand/joonis/eskiis
4118735,plakat
4030435,digitaalne kujutis
2049541,foto
4084082,kavand/joonis/eskiis
2825662,fotonegatiiv
3737007,dokument
196632,käsikiri
3167042,raamat
227022,nukk
2054301,foto
3360079,"käsikiri, noodid"
3758028,käsikiri
3401698,foto
3350939,lina/linik
2746409,fotonegatiiv
4079842,käsikiri
2326456,arheoloogiline leid
2402059,fotonegatiiv
2065967,foto
3188033,pitser/templijäljend
1886178,käsikiri
4316557,plakat
4295791,fotonegatiiv
2728161,foto
2682791,foto
2764756,fotonegatiiv
4295482,fotonegatiiv
3085927,foto
2776169,fotonegatiiv
2481844,foto
2752862,kavand/joonis/eskiis
2067159,foto
2737574,foto
3382236,foto
3393980,foto
3991197,raamat
3584526,käsikiri
2345644,foto
2539117,fotonegatiiv
4205175,helisalvestis
3630690,kiri
2040300,foto
3735016,foto
3493558,kiri
2523018,münt
3649587,kavand/joonis/eskiis
2797624,fotonegatiiv
3329188,kutse
3488090,kavand/joonis/eskiis
2317600,arheoloogiline leid
2819221,kiri
4123803,käsikiri
3727310,kavand/joonis/eskiis
3359235,kava
3675505,foto
2078061,fotonegatiiv
2046490,foto
2700239,foto
2053371,foto
2600297,foto
2254808,kava
2073213,fotonegatiiv
2777356,fotonegatiiv
2529267,münt
2123465,kava
2347182,foto
2192845,kava
2773898,pitser/templijäljend
4145798,"käsikiri, muusikateos"
3082650,raamat
3671791,foto
3219775,kiri
3001034,noodid
3639335,kavand/joonis/eskiis
393620,fotonegatiiv
3347118,noodid
4091860,plakat
3196725,plakat
3210108,käsikiri
2353380,medal
3827905,foto
2737190,foto
2053537,foto
2320694,arheoloogiline leid
3681679,kavand/joonis/eskiis
3129191,joonistus
4097651,foto
2062454,foto
232123,raamat
3445128,joonistus
3804339,foto
2821301,kalender
2908879,kiri
2331762,arheoloogiline leid
226362,kiri
2049894,foto
3121455,foto
3866263,foto
3341931,kavand/joonis/eskiis
2455072,foto
3659002,fotonegatiiv
2319030,arheoloogiline leid
3181170,foto
2155229,kava
1000786,foto
2742414,fotonegatiiv
3176618,pitsat
3433775,kiri
3538292,digitaalne kujutis
2059971,foto
3140374,pitser/templijäljend
3248307,foto
